quantity,sales
2,261.96
3,731.94
2,14.62
5,957.5775
2,22.368
7,48.86
4,7.28
6,907.152
3,18.504
5,114.9
9,1706.184
4,911.424
3,15.552
3,407.976
5,68.81
3,2.544
6,665.88
2,55.5
2,8.56
3,213.48
4,22.72
7,19.46
7,60.34
2,71.372
3,1044.63
2,11.648
3,90.57
7,3083.43
2,9.618
3,124.2
2,3.264
6,86.304
6,6.858
2,15.76
3,29.472
7,1097.544
5,190.92
9,113.328
3,532.3992
3,212.058
4,371.168
4,147.168
2,77.88
2,95.616
2,45.98
2,17.46
4,211.96
3,45.0
2,21.8
6,38.22
6,75.18
2,6.16
1,89.99
7,15.26
5,1029.95
6,208.56
5,32.4
5,319.41
2,14.56
2,30.0
4,48.48
1,1.68
2,13.98
6,25.824
3,146.73
4,79.76
5,213.115
8,1113.024
4,167.968
2,75.88
1,4.616
3,19.05
8,831.936
2,97.04
1,72.784
3,1.248
3,9.708
3,27.24
5,19.3
1,208.16
3,16.74
5,14.9
1,21.39
7,200.984
3,230.376
2,301.96
1,19.99
2,6.16
7,158.368
3,20.1
2,73.584
1,6.48
2,12.96
3,53.34
2,32.96
1,5.682
7,96.53
3,51.312
6,77.88
7,64.624
3,95.976
3,1.788
4,23.92
6,238.896
3,102.36
3,36.882
8,74.112
1,27.992
1,3.304
5,339.96
2,41.96
2,75.96
6,27.24
14,40.096
2,4.72
3,23.976
6,130.464
3,787.53
1,157.794
3,47.04
4,30.84
6,226.56
9,115.02
7,68.04
3,600.558
6,617.7
2,2.388
7,243.992
2,81.424
3,238.56
5,59.97
2,78.304
9,21.456
3,20.04
1,35.44
4,11.52
2,4.02
3,76.176
6,65.88
14,43.12
2,82.8
3,8.82
3,10.86
3,143.7
3,839.43
7,671.93
4,93.888
11,384.45
3,149.97
8,1951.84
5,171.55
5,157.92
2,203.184
7,58.38
4,105.52
6,80.88
3,6.63
2,457.568
2,14.62
7,944.93
1,5.98
2,54.384
5,28.4
2,27.68
3,9.936
8,8159.952
3,275.928
9,1740.06
6,32.064
5,177.98
3,143.976
3,20.94
2,110.96
7,340.144
2,52.448
4,20.16
4,97.264
7,396.802
5,15.88
1,3.28
2,24.816
7,408.744
4,503.96
5,149.95
2,29.0
2,7.16
8,176.8
3,37.224
3,20.016
4,899.136
6,71.76
8,51.84
3,626.352
5,19.9
7,14.28
2,7.408
3,6.048
3,46.26
2,2.946
3,16.056
3,21.744
2,218.75
1,2.6
2,66.284
7,35.168
4,444.768
4,83.92
2,131.98
4,15.92
9,52.29
1,91.99
2,20.8
2,23.68
5,452.45
3,62.982
9,1188.0
2,89.584
6,93.06
3,302.376
2,5.584
6,22.704
4,19.776
4,72.704
4,479.988
2,27.168
1,2.2
5,622.45
1,21.98
2,161.568
8,389.696
7,18.648
2,233.86
3,620.6145
2,5.328
3,258.072
3,617.976
2,10.56
5,25.92
5,419.68
3,11.688
2,31.984
5,177.225
3,4.044
2,7.408
7,2001.86
2,166.72
6,47.88
5,1503.25
4,25.92
2,321.568
1,7.61
13,3347.37
6,80.58
4,361.92
9,12.132
2,82.368
5,53.92
6,647.904
3,20.37
3,221.55
5,17.52
2,1.624
3,3059.982
7,2519.958
4,328.224
2,79.9
3,14.016
6,7.56
1,37.208
3,57.576
4,725.84
7,209.93
3,5.28
3,10.92
2,8.82
1,5.98
2,11.648
4,18.176
6,59.712
3,24.84
5,2.08
7,1114.4
5,1038.84
5,141.76
5,239.8
6,31.104
7,254.058
2,194.528
5,961.48
7,19.096
8,18.496
2,255.984
3,86.97
8,300.416
3,230.352
3,218.352
5,78.6
3,27.552
5,32.4
8,1082.48
3,56.91
4,77.6
1,14.28
3,219.075
2,26.8
3,9.84
3,45.48
6,289.2
1,4.89
4,15.136
2,466.768
1,15.232
3,6.264
3,87.54
2,178.384
3,15.552
4,99.136
1,135.882
2,3991.98
6,275.94
4,360.0
1,43.57
2,7.16
6,251.52
1,99.99
1,15.992
3,290.898
2,54.224
4,786.744
10,100.24
6,37.764
2,82.8
2,20.724
3,4.896
1,4.752
2,959.984
4,14.368
2,7.712
3,698.352
4,4.96
4,17.856
10,509.97
13,30.992
12,71.928
4,88.8
3,47.976
3,7.56
2,24.56
2,12.96
1,6.79
2,24.56
1,3.048
4,49.12
4,4355.168
6,388.704
2,8.26
4,17.04
5,34.4
5,36.24
8,647.84
2,20.7
2,20.7
3,488.646
2,5.56
8,47.12
4,211.96
4,23.2
2,7.36
7,104.79
4,1043.92
5,25.92
3,53.424
5,8.16
8,1023.936
1,9.24
10,479.04
4,99.136
7,1488.424
3,8.652
3,23.832
4,12.176
7,50.96
3,49.536
2,41.9
3,375.4575
3,83.976
4,482.34
1,2.96
1,2.624
4,23.36
2,39.98
2,246.384
3,1799.97
3,12.462
3,75.792
2,49.96
2,12.96
4,70.12
3,35.952
4,2396.2656
4,131.136
2,57.584
2,9.568
6,39.072
3,35.91
5,179.95
3,1199.976
5,27.15
7,1004.024
1,9.68
9,28.35
1,55.98
13,1336.829
2,113.568
7,139.86
4,307.136
8,95.92
5,383.8
1,5.78
4,9.32
1,15.25
6,196.752
4,56.56
3,32.7
4,866.4
2,28.4
8,287.92
1,69.99
6,6.672
2,189.588
7,408.744
5,291.96
2,4.768
5,714.3
2,4.812
5,247.8
3,1007.979
7,313.488
8,31.872
3,207.846
1,12.22
3,194.94
3,70.95
4,91.36
3,242.94
7,22.05
1,2.91
3,59.52
3,161.94
6,263.88
3,30.48
3,9.84
4,35.12
2,284.364
2,665.408
4,63.88
2,129.568
3,747.558
2,8.928
4,103.92
9,899.91
3,51.312
5,23.56
6,1272.63
5,28.485
2,185.376
2,78.272
7,254.744
2,205.3328
3,4.788
1,55.48
3,340.92
2,222.666
4,703.968
6,92.52
7,62.65
5,94.85
6,95.76
3,40.2
5,14.7
5,704.25
3,9.09
2,5.96
2,159.98
2,29.6
5,514.165
5,279.96
6,2735.952
1,7.992
2,63.984
2,70.368
5,449.15
3,11.07
2,93.98
3,189.882
2,105.42
8,119.616
4,255.76
2,241.568
9,69.3
2,22.62
2,14.952
2,801.568
3,2.376
1,32.792
5,15.92
1,2.74
3,8.34
3,46.74
5,6354.95
3,126.3
2,38.04
3,7.152
3,6.63
2,5.88
5,2999.95
3,51.45
2,11.96
3,1126.02
1,18.392
2,129.568
9,14.112
2,210.98
3,55.176
2,66.26
5,22.2
3,683.952
3,45.696
3,36.336
1,666.248
6,52.512
1,190.72
3,47.94
5,979.95
5,22.75
2,16.768
7,42.616
4,10.752
3,152.94
4,283.92
6,468.9
8,380.864
9,646.776
2,58.112
1,100.792
4,66.112
6,41.28
2,13.36
9,250.272
3,11.364
5,8.72
2,1121.568
1,34.504
3,10.824
2,1295.78
4,19.456
2,20.7
4,1335.68
5,32.4
3,42.6
7,84.056
5,13.0
3,13.128
2,3.96
1,2.61
3,374.376
8,91.84
7,81.088
3,19.44
3,451.152
7,72.45
4,13.96
7,33.264
3,14.85
3,8.82
14,160.72
4,19.92
2,7.3
2,69.712
1,8.792
4,51.52
3,470.376
2,105.584
3,31.152
7,6.783
4,406.368
1,70.98
3,294.93
2,84.784
4,20.736
3,16.821
2,10.368
2,9.344
3,31.2
2,76.12
3,1199.976
5,445.96
8,327.76
2,11.632
3,143.982
4,494.376
2,5.84
1,142.776
3,45.696
3,7.218
4,43.188
3,131.904
2,3.282
9,21.168
2,55.188
3,369.576
4,15.712
2,8.448
9,728.946
10,119.94
2,3.648
2,40.48
2,9.94
9,107.424
1,37.91
3,88.02
5,8.69
2,301.96
5,555.21
4,523.48
9,161.82
7,35.56
2,97.16
5,15.24
3,13.23
3,243.384
5,119.8
4,300.768
3,17.88
3,235.944
3,392.94
3,18.882
3,122.328
5,1049.2
4,15.424
3,18.84
2,330.4
7,26.25
4,132.52
1,6.48
2,209.3
5,31.56
2,30.144
4,14.8
3,302.376
4,316.0
10,379.4
2,97.82
8,103.12
2,113.552
2,3.318
2,134.288
2,701.372
2,2.308
7,999.432
14,724.08
5,918.785
3,2.724
5,459.95
3,10.74
3,23.76
3,85.056
3,381.576
5,30.36
3,23.976
1,108.925
8,36.352
5,19.56
3,61.44
5,38.9
3,99.39
3,2.688
3,27.816
3,82.524
3,182.994
3,14.352
2,64.96
4,68.6
4,7999.98
2,167.44
3,479.97
2,14.62
3,19.44
2,191.984
1,104.01
1,284.82
3,36.84
1,166.24
5,33.4
8,198.272
4,47.36
7,200.984
4,97.696
1,2.696
2,18.588
3,4.896
3,15.072
3,209.88
3,369.912
2,10.368
5,166.84
1,15.216
4,119.96
5,883.92
8,46.72
1,55.48
4,24.448
6,281.34
2,307.98
3,299.97
5,19.92
2,9.94
3,103.056
3,59.808
6,73.32
3,146.82
3,1652.94
3,296.37
5,129.92
7,45.584
2,17.568
1,55.992
8,182.72
2,400.032
3,33.63
3,542.646
2,6.3
3,242.94
3,179.97
6,99.696
4,27.936
1,84.98
5,18.72
2,49.98
3,11.784
3,272.736
2,3.54
5,51.52
1,3.528
1,4.624
4,55.168
10,567.12
4,359.32
1,11.992
3,58.05
11,157.74
7,56.98
1,2.88
3,1199.976
4,79.92
4,383.438
2,24.56
4,119.8
3,13.128
4,22.72
9,58.32
3,12.39
3,107.982
2,11.36
3,50.94
6,646.74
3,5.64
6,572.58
2,310.88
2,641.96
2,18.28
3,207.0
5,32.35
1,7.71
2,40.3
7,34.58
7,32.76
3,544.008
3,59.94
4,23.92
1,4.28
5,32.07
2,24.0
1,35.49
2,47.984
3,186.69
2,17.456
2,348.928
4,143.96
1,15.42
8,43.04
3,332.94
5,1363.96
2,9.96
4,21.72
7,20.16
7,132.79
2,12.96
7,21.56
5,283.92
1,22.23
2,215.968
9,355.32
2,12.96
2,18.28
3,43.176
4,1983.968
2,28.4
3,149.97
4,11.52
5,1298.55
4,213.92
2,25.78
2,18.28
7,1399.93
8,51.84
1,5.344
8,41.472
3,3.168
5,1228.465
3,31.086
4,335.52
3,239.97
2,9.82
4,67.8
3,167.97
7,35.0
4,37.24
2,15.28
2,301.96
3,180.66
2,191.98
1,65.99
2,35.216
2,23.696
1,265.475
4,51.184
2,9.664
3,21.072
3,60.45
4,11.52
4,186.048
4,37.44
4,26.976
2,11.36
2,14.62
7,83.72
3,287.94
4,48.896
7,115.36
2,5.16
6,38.88
6,185.88
2,44.46
3,242.94
2,39.96
10,102.3
2,21.36
1,7.61
2,7.16
2,7.36
2,23.1
6,191.472
2,5.248
2,59.184
1,2.89
1,51.94
4,15.936
6,44.91
5,1141.47
3,280.782
3,34.44
2,11.36
7,106.344
5,192.16
3,322.59
1,29.99
3,371.97
4,5.892
3,68.472
5,1242.9
2,30.84
4,13.48
5,31.4
2,17.46
3,13.944
12,83.76
7,37.66
6,34.68
5,149.95
3,51.312
1,4.54
4,15.92
8,543.92
7,155.82
3,70.008
2,15.648
7,103.6
8,46.96
2,8.904
5,10.44
4,18.336
3,323.976
3,20.04
2,64.96
2,12.96
4,323.136
7,90.93
3,52.776
4,1199.8
7,1928.78
2,352.38
6,22.2
1,46.94
9,143.73
2,99.918
4,797.944
3,8.568
3,149.352
1,12.992
2,24.56
3,85.14
1,21.99
5,406.6
2,841.568
3,15.552
5,252.0
4,46.2
2,28.84
3,14.592
3,89.856
3,13.872
3,12.192
8,45.056
6,29.718
3,15.552
2,447.696
1,159.99
2,12.96
4,134.48
2,17.12
2,6.096
4,1114.272
5,32.4
3,540.57
5,167.76
3,393.165
7,516.488
6,1007.232
12,2065.32
3,15.552
6,25.344
4,25.472
2,27.168
2,78.8528
5,173.8
1,29.592
2,4.752
3,15.552
2,204.6
2,321.568
2,6.24
2,21.88
2,4.608
2,9.82
3,35.97
2,12.96
4,191.6
3,8.64
3,501.81
6,127.104
3,124.2
2,18.588
3,30.072
7,160.93
3,75.792
2,1.08
2,3059.982
2,3.282
3,34.02
6,599.292
1,3.392
2,559.984
5,603.92
2,7.968
4,27.968
3,336.51
2,1.112
5,520.05
3,17.97
5,1166.92
2,14.624
3,10.23
5,154.9
7,2715.93
3,617.97
1,10.67
3,36.63
5,24.1
7,33.11
2,44.02
7,2309.65
7,1090.782
3,19.44
3,484.65
3,115.296
3,7.08
3,4.401
5,44.75
2,95.984
4,151.72
3,155.25
1,14.03
13,1618.37
1,99.6
5,32.4
2,13.96
3,155.82
5,124.95
5,601.65
3,22.74
3,1267.53
8,1379.92
2,6.208
2,11.808
3,15.552
3,63.312
2,15.588
5,177.2
3,197.97
3,854.94
9,124.11
5,14.4
3,15.696
2,2.628
3,14.427
2,86.62
3,36.624
7,23.968
3,28.728
4,697.16
2,31.86
3,722.352
5,8.84
9,58.464
14,254.604
5,1363.96
3,102.36
12,1113.504
1,99.99
2,168.464
2,6.72
9,282.888
2,11.16
2,108.4
3,82.344
4,9.088
4,19.936
2,65.568
3,4.416
2,107.772
3,45.216
7,10.416
3,7.872
3,118.782
1,1.448
5,55.47
4,194.848
1,1.744
4,25.176
7,19.46
3,29.472
2,8.64
5,6.27
7,4.368
2,31.984
7,40.88
2,119.96
3,31.44
1,6.88
4,19.92
9,1106.91
8,836.592
1,26.38
2,362.92
7,4899.93
1,6.48
3,71.976
1,3.15
2,31.984
2,71.984
9,120.15
2,219.184
5,28.9
2,355.96
7,348.208
7,35.784
5,447.84
4,7.04
3,8.73
1,29.29
3,8.64
3,2.694
3,2.934
3,22.92
6,100.704
2,2.328
5,10.78
12,58.368
3,40.968
5,71.96
2,10.368
2,1.192
2,46.672
1,119.833
2,119.98
2,6.3
5,279.9
5,619.95
2,4.36
2,15.28
7,699.93
7,22.96
4,38.6
3,6.63
3,23.34
3,1067.94
1,10.16
6,101.88
4,343.92
1,40.99
5,63.9
3,19.44
4,124.608
3,7.56
3,85.224
8,287.52
2,37.68
2,19.98
7,20.58
2,17.38
2,204.6
4,8.72
1,6.48
2,686.32
1,62.18
2,644.076
2,5.84
2,12.76
1,10.95
2,599.98
6,8.352
2,3.64
7,159.768
2,122.48
7,2244.48
3,62.31
2,455.1
1,195.184
3,362.94
2,11.54
3,53.94
1,9.99
3,125.76
5,25.32
4,46.8
9,447.93
2,109.48
3,272.94
3,19.44
4,31.92
2,22.38
5,16.52
4,5.176
6,50.112
3,27.93
4,11.56
2,172.5
3,179.97
3,258.696
7,1322.93
2,3.76
1,21.744
5,7.92
7,12.096
6,485.88
4,25.92
2,197.58
4,81.92
8,889.536
3,892.224
4,223.92
4,23.12
3,15.552
4,15.712
2,24.672
1,55.968
9,431.928
4,95.984
4,1088.792
3,544.008
3,1.872
3,854.352
2,593.568
3,338.04
5,271.96
1,11.21
3,9.144
7,14.07
7,41.86
2,8.544
4,579.136
2,141.372
2,3.036
1,4.503
1,4.672
3,95.88
2,17.024
3,258.696
7,1931.958
9,249.75
8,255.936
3,113.79
1,78.15
1,1.728
4,40.56
3,182.94
2,193.86
2,15.28
1,8.73
2,5.68
2,2.78
2,79.96
2,839.988
3,47.952
5,37.425
2,63.968
3,165.048
1,12.35
1,40.97
2,22.96
4,22.0
3,398.352
4,8.72
9,48.69
6,764.688
12,3610.848
3,254.9745
6,38.82
9,1141.938
13,1704.56
2,3.2
4,1099.96
2,5.248
3,35.91
1,6.696
2,43.872
3,27.882
3,540.048
8,255.68
3,863.88
4,17.616
3,17.472
2,69.9
5,41.85
3,6.57
1,142.86
6,292.272
3,29.328
2,12.48
4,102.336
3,48.792
8,44.848
2,10.368
5,388.43
3,14.352
1,63.992
3,86.352
3,32.97
4,83.88
3,278.4
3,15.12
1,17.43
3,251.64
7,2.772
5,14.9
3,15.48
2,39.88
4,12.192
3,20.82
4,13.216
5,32.4
3,32.94
5,114.2
1,3.08
13,845.728
2,13.904
2,20.72
5,114.95
2,26.96
6,572.76
3,286.38
2,61.96
1,23.99
3,287.97
7,419.944
7,46.76
3,17.712
2,21.78
3,161.94
2,161.568
1,3.69
4,122.12
2,155.372
6,38.88
8,183.84
5,579.3
1,14.2
2,575.92
6,5.184
3,5.229
2,285.552
5,72.8
4,10.816
3,46.26
6,17.46
6,51.072
1,11.34
4,87.92
3,37.05
1,2.97
2,27.44
3,1.08
2,7.96
8,140.736
4,552.56
3,25.11
2,29.78
3,677.58
8,75.04
2,695.7
5,15.66
6,28.854
3,47.82
5,13.05
2,93.78
7,47.18
6,19.68
10,53.4
6,35.88
3,258.279
2,31.4
5,183.96
3,17.61
1,300.904
3,220.776
11,281.424
3,79.14
1,1.988
2,145.568
7,123.256
4,23.68
4,309.576
14,38.388
2,95.994
6,239.952
2,201.584
4,899.136
5,145.9
7,590.058
3,14.04
3,49.08
2,29.6
4,17.088
5,912.75
3,1089.75
8,447.84
5,16.4
5,399.96
5,158.9
1,13.184
3,83.952
1,80.98
9,348.84
5,9.45
3,18.84
2,239.98
2,167.96
3,104.85
3,484.83
3,122.97
3,154.44
7,342.37
3,9.552
5,652.45
3,66.645
4,17.216
2,11.56
4,88.4
1,6.48
2,21.8
3,251.79
2,205.176
5,419.4
1,10.304
3,154.764
2,116.784
2,75.48
2,39.98
3,393.165
2,23.68
2,408.006
4,165.28
7,334.768
3,239.97
3,37.74
7,946.344
3,151.2
4,4.928
4,86.272
2,72.588
2,60.672
9,77.031
6,119.904
5,263.96
4,363.648
2,9.728
5,14.75
5,29.8
14,427.42
8,220.752
6,152.76
1,7.27
14,1819.86
5,33.9
6,31.104
2,5.248
3,263.88
5,2453.43
5,29.7
4,39.96
2,36.672
2,13.76
4,139.424
9,1979.928
4,164.736
7,470.302
2,47.984
3,2.502
3,88.752
1,2.025
7,70.98
3,91.68
5,33.75
8,3040.0
3,91.2
3,452.94
9,52.2
4,15.936
2,27.46
2,55.424
2,244.006
2,159.984
6,1024.716
2,3.68
4,121.376
3,95.976
4,255.968
3,872.94
2,41.54
2,12.96
2,6.848
3,8.67
4,6.688
6,17.28
3,17.712
7,28.91
7,52.136
4,31.968
4,25.92
7,40.46
3,33.87
2,9.728
1,3.424
3,177.0
2,3.76
7,1212.848
3,89.97
3,42.6
2,5.04
4,62.96
1,5.88
6,977.292
2,9.64
3,40.05
7,10.192
1,16.784
5,13.12
5,18.16
3,16.056
9,223.056
3,540.048
2,33.52
2,9.94
4,6.72
6,1004.976
3,17.88
4,396.0
3,34.5
2,8.36
8,385.6
9,35.82
3,200.064
5,21.38
4,6.744
1,63.686
4,1669.6
2,83.84
3,13.272
7,21.336
5,16.52
6,206.112
5,19.92
8,198.272
6,247.104
6,86.304
2,4.16
2,11.648
7,26.18
2,7.3
3,74.352
1,10.744
3,8.376
6,212.88
2,203.983
3,40.74
3,11.67
1,39.99
2,16.28
3,782.94
7,242.48
5,8.32
6,10.464
3,82.896
4,34.24
7,1573.488
4,335.52
2,23.912
2,27.056
1,559.992
6,9.324
2,111.96
7,21.56
5,124.75
3,5.28
4,91.96
1,9.344
5,79.36
2,171.96
9,35.352
6,18.9
1,2.78
5,1044.63
3,11.352
5,354.9
3,453.576
3,21.48
4,8.784
3,122.97
3,12.84
5,603.92
3,21.84
1,29.99
2,381.44
3,40.68
5,763.28
2,23.952
1,4.98
3,170.88
2,307.98
9,382.806
2,41.96
2,1217.568
3,47.04
2,6.16
5,979.95
3,143.7
3,10.65
4,247.8
4,10.96
7,33.488
5,8.04
4,201.568
3,13.44
3,359.058
2,47.992
13,547.3
4,16.896
1,6.672
4,99.136
2,15.992
2,211.96
3,6.672
6,155.94
5,39.96
3,5.46
5,73.2
1,5.84
4,22.72
3,9.336
2,290.666
2,201.584
2,83.984
7,1000.02
3,83.976
1,3.75
4,41.4
3,29.79
2,59.48
1,6.69
2,198.46
8,786.48
2,23.168
2,50.0
5,675.96
3,1265.85
5,523.25
6,517.5
5,17.92
6,41.256
3,1006.056
2,10.688
2,10.368
2,25.12
2,58.112
3,15.552
5,669.08
4,438.336
3,19.44
2,9.64
2,12.7
3,41.37
2,12.624
3,1247.64
7,3149.93
2,209.7
2,35.36
2,3.168
6,121.104
1,45.894
2,109.92
2,13.36
6,169.68
4,132.52
2,2.96
2,8.448
3,95.94
7,34.79
3,160.776
3,88.752
2,13.904
5,677.58
3,13.896
5,41.92
3,297.576
3,4.344
2,94.992
3,74.352
3,14.04
4,1018.104
3,16.68
2,58.58
4,167.968
2,196.62
2,21.936
3,6.588
3,104.28
3,17.94
1,64.784
3,32.382
2,42.368
4,399.54
1,18.97
3,14.82
2,99.28
2,1.188
2,7.518
2,10.368
2,310.88
6,853.092
5,33.45
5,10.4
5,21.88
2,13.616
4,63.96
3,14.46
2,104.98
2,106.96
7,21.56
6,515.88
2,11.808
9,1931.04
2,9.96
5,12.35
3,9.702
2,11.61
6,43.86
2,148.48
2,7.42
1,71.992
5,19.9
14,1702.12
6,14.304
7,765.625
2,307.666
2,7.712
5,242.9
5,454.9
4,35.92
8,39.76
4,47.744
2,159.984
4,255.968
3,359.058
3,434.352
2,3.552
4,88.832
5,1048.35
4,100.0
3,7.83
8,96.256
2,10.688
3,338.04
4,154.24
2,34.848
5,22.0
3,4.368
3,31.44
2,17.9
5,129.45
8,20.88
4,20.736
2,7.168
2,11.168
7,442.4
2,13.36
8,11.232
3,10.272
2,10.368
3,6.24
2,206.962
2,9.46
9,559.62
2,109.92
2,8.56
11,360.712
6,1718.4
6,41.568
2,46.864
3,19.536
4,411.332
6,28.752
3,293.199
2,35.06
1,4.13
9,109.8
2,9.82
4,7.644
5,51.465
4,6.976
7,12.222
2,97.984
6,62.4
2,20.86
9,497.61
2,5.34
1,3.15
9,368.91
5,14.7
3,59.97
1,83.36
2,6.58
3,122.94
4,219.84
6,98.16
8,33.04
3,86.97
3,134.97
2,699.98
5,139.95
1,48.94
8,2807.84
4,46.64
2,60.416
3,107.94
8,63.84
3,347.97
6,37.008
5,215.65
4,11.168
3,53.952
1,4.18
1,5.607
7,4663.736
2,79.984
7,2575.944
7,45.36
7,254.24
7,69.93
7,16.156
3,54.816
7,1441.3
5,77.6
2,4.656
3,170.136
2,7.38
2,9.26
2,9.96
2,75.6
2,29.32
6,92.064
4,6.976
3,62.958
1,5.184
10,31.32
4,11.84
1,22.784
3,1127.976
6,38.88
2,779.796
8,1439.92
1,262.11
3,207.0
3,1439.982
7,36.288
5,21.4
7,1245.86
3,17.544
4,44.128
1,62.92
2,78.304
1,140.81
4,40.096
2,40.784
3,90.57
6,40.08
2,37.68
3,362.352
2,7.184
1,34.76
5,831.2
5,26.4
7,106.75
2,97.82
5,141.4
3,14.52
5,127.92
4,34.24
2,137.62
1,100.49
2,257.568
4,119.96
4,49.632
5,727.45
3,24.96
3,370.782
5,196.45
6,31.104
2,78.256
1,6.48
5,99.2
2,801.568
1,272.848
1,70.98
2,16.224
1,176.784
3,470.376
4,393.568
3,302.376
9,68.742
3,29.34
7,383.607
4,563.4
7,217.056
2,6.0
3,31.56
2,7.104
8,398.352
4,121.792
3,409.59
2,10.56
1,3.38
1,7.824
1,24.784
3,34.65
2,487.984
2,1793.98
2,29.808
4,505.176
3,174.0585
6,191.88
2,14.78
1,5.184
2,478.48
2,28.4
8,909.12
2,2.952
6,27.018
4,136.92
2,18.96
3,99.39
7,273.896
3,597.132
5,149.95
2,4.608
3,15.528
3,11.952
5,11.65
2,299.9
5,895.92
2,462.564
2,15.008
9,863.64
3,47.616
3,92.94
2,199.98
3,177.48
2,88.768
1,6.48
1,46.51
3,659.976
1,271.992
3,145.74
5,15.4
5,244.55
8,166.16
3,14.73
2,19.968
7,33.488
4,8.736
3,662.88
4,47.36
2,27.44
9,3.24
4,95.968
2,10.368
2,23.1
2,11.54
1,254.526
1,12.98
8,26.432
3,197.97
6,18.9
5,1282.41
3,4.92
2,238.0
3,167.97
4,17.12
3,16.2
3,33.99
5,296.85
6,112.8
3,13.71
5,24.9
3,286.29
2,24.18
3,281.97
5,69.5
3,166.44
4,291.96
3,6.408
7,408.744
4,5.104
2,2.896
3,35.016
3,275.97
5,1394.95
6,545.88
2,5.248
4,933.536
4,42.976
2,3.76
4,479.96
6,320.88
3,23.88
4,26.76
4,1439.976
3,17.22
7,1024.38
3,26.22
3,17.34
4,4.956
6,71.04
2,5.344
3,11.304
5,294.62
4,8.752
4,15.0
1,161.61
5,144.95
5,199.95
7,41.86
3,95.94
5,304.45
3,11.364
7,29.68
7,47.53
2,183.372
3,4.224
2,333.056
4,24.896
2,159.984
3,46.344
1,350.98
2,13.08
4,900.08
2,17.568
2,14.62
4,33.36
6,40.14
9,1606.23
3,17.04
3,49.53
4,872.32
5,239.12
2,141.96
2,33.024
4,67.136
3,14.73
5,104.9
4,61.04
3,10.95
2,9.392
1,9.328
2,8.26
3,269.97
3,29.04
2,14.62
3,11.952
7,4.536
2,9.156
5,75.36
6,57.504
7,38.864
3,15.552
2,162.64
3,597.0
1,55.48
7,289.8
3,2.502
4,6.48
8,341.488
5,11.12
6,25.344
3,17.31
5,199.95
7,1586.69
1,84.99
2,411.8
3,11.34
5,80.3
2,15.968
13,64.74
3,19.296
4,405.64
3,146.352
9,251.91
3,12.39
4,199.96
3,710.832
1,1.941
5,283.92
2,7.312
3,59.97
7,761.544
3,58.2
5,39.9
7,90.86
5,94.85
7,106.232
2,111.984
2,7.712
6,37.44
2,23.68
4,122.12
5,18.45
5,324.9
3,146.73
2,3.96
2,5.76
3,26.55
3,310.443
5,479.9
1,12.88
5,13.12
8,511.84
4,91.96
3,8.34
3,37.68
7,279.944
3,636.408
4,83.168
4,259.136
4,221.92
2,26.0
3,15.552
1,0.876
1,19.98
3,398.352
3,5.04
5,17.45
4,323.136
3,29.7
4,1295.84
2,46.84
1,425.833
1,209.67
7,159.88
1,5.28
5,895.92
3,2.808
3,215.976
2,241.96
9,27.72
5,104.68
7,62.958
3,86.376
3,64.944
4,20.736
4,33.28
9,38.52
7,139.86
3,19.65
3,152.991
7,10.584
4,94.92
5,14.76
4,3.656
3,146.82
9,149.544
2,17.14
3,991.764
6,30.48
2,23.988
7,16.688
3,422.058
4,38.088
6,254.352
1,43.31
5,84.95
3,233.058
7,111.79
3,14.94
2,14.16
3,22.608
6,21.48
3,501.81
3,161.94
4,17.856
3,8.808
1,79.384
1,34.58
3,314.55
3,191.976
2,8.288
5,139.92
1,15.872
7,6.286
3,14.016
3,71.976
3,107.982
2,305.312
3,19.752
3,9.264
4,61.792
2,45.68
9,60.12
5,41.72
8,71.6
7,85.232
3,44.4
4,442.764
5,3999.95
5,199.95
8,63.68
2,54.896
2,29.0
6,70.08
2,121.3
9,1454.49
3,60.81
3,153.552
3,65.34
4,123.92
3,35.1
5,44.75
2,4.704
3,14.67
3,15.552
1,5.232
6,22.2
7,881.93
2,6.096
3,191.82
1,20.104
3,67.56
7,29.932
4,38.272
4,16.52
7,832.93
10,43.8
6,167.292
1,27.42
1,1.44
13,61.776
2,241.96
4,108.608
2,2.816
4,9.984
1,14.98
4,1145.6
2,485.94
8,37.376
1,70.686
3,54.816
1,72.294
2,2.896
1,124.792
1,330.588
2,673.568
2,52.98
5,526.45
5,228.92
4,319.968
7,205.03
2,190.86
8,24.32
5,44.4
2,44.4
1,1016.792
7,38.136
3,494.982
2,56.56
2,5.56
2,9.02
1,8.62
3,659.976
2,13.36
5,41.72
5,11.52
6,541.44
3,19.44
3,143.7
3,43.26
2,43.56
3,437.85
2,109.48
7,1212.96
2,18.54
1,5.0
3,371.97
1,166.24
3,359.97
2,499.98
1,5.28
2,8.26
2,7.968
2,12.96
1,6.48
1,6.984
5,47.96
6,199.74
7,435.26
2,1119.984
1,143.432
3,122.352
5,306.2
1,85.98
4,223.96
2,97.568
8,614.272
2,199.98
7,48.16
2,23.92
7,60.69
3,14.352
2,35.04
5,17.48
5,16.4
2,892.98
3,287.97
6,595.38
2,12.96
1,4.95
3,181.95
4,13.52
5,259.7
1,42.95
7,1399.93
4,503.96
3,12.72
4,11.52
4,316.0
4,723.92
3,106.32
2,141.372
3,27.216
5,390.75
1,280.792
4,68.448
5,88.04
1,15.872
3,215.592
2,14.62
2,416.32
5,43.0
3,182.94
7,60.83
3,389.97
4,194.32
7,265.93
3,94.74
4,60.64
5,76.3
12,364.8
3,79.872
1,46.384
2,12.96
3,14.352
4,547.136
2,41.96
5,41.7
5,277.4
1,5.78
6,69.216
3,10.86
7,426.79
4,25.92
4,45.92
2,10.72
7,41.86
5,63.2
3,113.97
3,123.552
9,490.32
5,70.08
2,1.272
5,557.585
6,9.024
2,69.456
2,10.86
3,79.47
6,10.08
7,1552.831
5,137.24
1,36.51
3,239.976
7,1579.746
4,1071.576
3,613.908
7,34.86
4,155.04
5,13.71
2,127.88
2,160.32
4,46.0
1,120.712
4,23.12
6,532.704
2,4.912
4,252.0
8,60.288
1,2.632
9,23.688
2,253.372
3,5.67
4,76.776
2,9.184
5,32.75
2,7.216
2,49.568
7,54.712
4,176.04
9,16.02
4,185.92
4,211.168
2,479.984
2,7.86
2,24.448
1,6.48
7,41.86
9,1619.91
4,113.92
2,39.68
2,37.6
2,59.9
5,37.0
2,5.76
6,16.68
7,628.81
5,56.45
6,94.2
5,28.4
7,956.6648
9,1115.91
7,128.744
10,79.92
5,24.2
3,359.976
8,211.84
2,5.68
5,7.52
2,11.96
3,629.064
5,754.45
2,301.96
5,595.0
3,79.872
10,2396.4
2,63.56
1,99.99
3,230.376
2,9.664
7,158.928
1,13.023
2,273.06
13,39.312
4,1.344
4,8.272
7,12.544
8,58.48
2,7.4
7,366.786
4,54.368
2,33.96
3,826.11
9,545.85
2,145.98
4,35.808
2,7.904
5,345.0
2,174.286
4,662.84
5,95.1
6,26.88
2,257.98
2,17.48
5,492.835
3,269.49
5,29.12
5,18.75
6,119.7
3,9.144
3,57.06
8,71.6
8,107.44
1,7.31
6,59.1
3,46.53
2,97.84
3,29.97
3,98.352
5,83.92
2,14.624
1,136.99
1,3.15
1,9.11
4,571.44
5,32.4
1,16.91
8,14.272
4,451.136
4,64.864
2,217.584
5,82.95
7,87.71
4,1101.48
3,1322.352
3,5.46
1,11.184
2,153.584
6,1003.62
4,35.168
5,1137.75
5,99.68
2,5.56
2,85.52
3,9.84
3,20.04
4,631.96
4,23.92
6,90.24
7,4548.81
5,300.93
5,719.96
8,647.84
3,64.17
2,124.46
1,9.584
3,37.608
2,12.224
4,2.304
4,9.36
2,7.38
4,53.72
5,8187.65
8,77.92
4,32.784
3,196.776
6,479.94
4,1117.92
6,106.5
5,45.66
4,95.968
2,47.992
2,264.32
9,604.656
3,129.93
7,20.16
6,29.46
3,868.59
2,12.96
1,5.5
4,121.6
9,42.048
2,25.488
3,6.9
6,9.648
2,7.968
2,10.368
5,114.2
4,17.96
7,12.67
4,339.96
6,1801.632
4,46.32
2,181.986
4,431.976
1,155.37
6,1348.704
3,700.152
7,111.888
3,143.952
3,173.94
4,14.76
4,205.92
1,102.833
1,2.304
5,1879.96
8,313.024
2,5.04
6,821.88
2,21.96
4,25.92
7,705.544
2,50.0
8,51.712
2,6.992
7,1406.86
5,15.75
2,323.1
4,9.216
2,10.368
1,15.02
2,33.82
4,71.0
5,25.12
9,2665.62
8,478.08
2,164.388
4,13.248
2,2.912
7,1399.944
5,526.45
3,16.23
5,319.9
2,11.36
3,675.12
3,62.82
8,489.92
3,19.44
2,16.68
13,155.35
3,12.42
2,187.98
2,6.608
7,248.57
1,22.23
1,5.98
3,246.168
2,14.136
3,601.47
2,79.1
8,327.84
2,180.96
3,914.97
3,587.97
2,530.34
3,14.94
2,121.94
7,122.71
3,14.94
3,1349.85
1,136.784
4,61.12
1,1.167
1,16.99
3,24.672
1,2.52
5,1218.735
2,5.904
3,15.696
3,6.096
2,41.568
3,230.28
6,18.288
2,5.78
13,121.68
3,4.17
4,67.04
3,37.32
5,18.45
4,25.92
4,11199.968
8,2399.6
5,63.9
1,52.99
4,60.864
7,652.995
10,11.22
3,14.94
2,39.96
2,42.624
1,220.96
2,4.928
5,7.23
2,323.1
4,19.04
3,13.128
3,64.14
4,858.24
1,29.99
6,186.048
1,36.792
8,18.624
3,57.69
3,42.81
2,12.96
6,821.88
3,104.85
5,424.9575
3,10.776
3,11.784
3,164.88
3,1292.94
2,25.584
2,261.74
5,14.4
3,10.86
4,883.84
11,1979.89
2,79.96
2,8.76
1,3.984
3,370.62
2,2.742
3,79.512
1,28.352
1,40.784
4,105.96
3,166.44
6,785.88
2,26.2
5,1325.85
3,166.44
5,8.76
1,43.584
7,11.088
2,25.164
5,14.4
5,619.95
4,89.52
3,350.973
1,164.99
9,312.552
3,95.952
2,3.204
5,3.98
5,15.7
4,5.248
3,5.346
3,15.48
3,108.576
5,109.9
1,15.384
2,30.352
4,821.3
6,22638.48
4,21.376
3,8.016
2,30.768
3,18.936
3,122.352
3,116.28
6,132.6
2,16.68
3,19.44
4,192.16
7,227.36
3,1919.976
2,12.828
4,45.888
9,60.12
3,302.376
5,13.9
2,129.98
2,71.98
3,377.97
2,124.36
3,23.976
3,8.376
5,58.24
5,81.2
5,14.45
2,95.648
5,359.97
4,350.352
1,1.641
7,629.958
3,6.63
4,799.96
1,107.53
2,73.98
1,5.58
4,49.12
3,377.97
7,42.28
3,299.97
2,89.98
4,477.24
2,25.98
5,46.72
2,35.34
6,257.64
3,125.976
1,79.992
3,700.056
4,27.168
3,8.226
3,585.552
11,423.28
2,225.296
2,5.56
3,323.37
5,783.96
5,1447.65
2,11.96
3,239.97
4,76.92
4,481.32
5,48.4
1,0.99
5,101.84
3,10.332
5,31.155
2,8.928
1,34.384
8,1924.16
2,32.192
7,50.12
3,47.976
5,54.5
3,19.104
3,49.44
2,10.368
3,154.44
7,60.984
2,195.466
8,23.68
3,2.376
4,59.2
10,22.0
2,257.98
2,23.988
4,23.976
4,601.536
2,7.9
5,58.36
7,16.464
5,39.96
2,25.96
3,36.27
1,6.48
14,1075.088
4,438.368
7,18.088
3,308.499
4,13.36
2,39.96
5,145.85
5,783.96
1,7.88
3,41.37
3,12.84
6,25.68
2,47.516
2,9.42
2,12.96
5,704.9
2,561.568
9,179.82
6,185.58
3,214.11
4,999.96
3,653.55
5,114.6
1,60.74
2,124.36
6,1088.76
5,6.72
3,298.776
3,302.376
2,8.928
2,47.584
8,33.792
2,300.5328
2,2.724
2,3.264
6,108.336
5,55.92
2,78.304
5,443.92
3,155.976
7,15.47
2,7.16
1,10.89
3,19.44
5,121.6
2,695.7
1,120.33
4,1139.92
7,229.544
2,143.728
3,36.048
8,845.488
3,50.94
3,762.594
6,56.28
3,2690.97
6,7.434
1,64.784
4,28.16
1,14.98
4,20.32
3,40.29
7,20.23
4,1603.136
2,225.296
4,67.8
3,377.97
9,1628.82
7,286.93
4,20.736
3,31.44
7,83.79
3,59.52
4,31.92
5,14.72
3,38.976
2,17.088
3,74.352
3,314.352
1,4.26
8,811.28
3,6.03
2,153.568
7,1013.488
2,52.34
2,4.66
3,254.97
6,25.44
3,27.93
5,8.85
4,6.96
2,17.456
5,307.92
3,6.63
2,12.96
5,32.4
5,23.85
2,51.96
3,17.94
2,11.56
5,26.4
11,69.08
3,35.88
5,49.65
4,959.968
2,408.422
2,479.984
4,12.6
7,184.66
5,23.12
7,37.464
3,539.658
2,310.12
2,8.56
5,52.4
3,14.94
3,11.22
4,387.136
5,41.4
4,35.0
3,39.552
3,135.72
2,12.56
4,263.96
1,5.952
5,15.8
2,14.368
7,70.448
2,129.3
3,3.882
1,6.08
1,19.9
1,70.71
3,18.84
3,8.64
4,1633.188
4,19.76
2,6.608
2,7.28
1,144.784
1,156.792
3,431.976
1,35.89
7,47.208
7,248.08
5,189.7
3,59.808
1,90.99
7,1526.56
3,368.97
9,305.01
1,18.7
7,38.29
3,26.25
14,64.96
5,43.7
4,41.6
5,23.12
2,113.888
2,113.568
2,7.92
2,671.984
1,39.99
3,191.646
1,2.313
4,19.936
4,45.92
3,20.34
8,39.28
2,81.568
2,97.184
5,24.32
2,18.96
6,32.952
4,30.016
3,499.584
6,31.104
8,13.272
2,28.272
4,259.136
5,10.8
2,244.006
4,15.936
7,188.552
2,22.58
6,545.94
4,20.736
2,43.296
4,123.136
4,11.264
3,53.424
1,275.49
4,24.96
2,19.36
9,1267.65
1,12.99
4,18.56
5,449.15
7,31.248
3,61.44
4,895.92
4,55.36
5,55.92
4,24.896
1,3.984
4,95.968
3,206.991
2,44.416
2,9.006
5,19.0
4,33.376
1,207.48
3,91.68
5,904.9
3,34.272
3,191.82
5,243.88
5,12.03
5,2549.985
2,21.594
6,8.964
4,20.736
2,344.22
8,727.296
3,22.608
7,666.4
3,5.04
3,92.94
3,66.69
5,91.68
2,327.7328
11,52.272
3,17.94
3,254.352
2,8.288
5,504.9
4,403.168
4,194.32
1,25.99
4,195.136
4,20.736
6,53.7
7,36.26
2,56.3
5,32.4
2,29.16
3,171.288
5,16.72
2,12.96
2,22.18
8,2054.272
5,1022.97
5,13.9
1,26.38
7,43.176
2,411.8
4,360.0
2,41.96
4,227.84
2,37.94
2,517.9
2,5.28
5,2799.96
2,8.96
10,31.5
2,30.56
2,24.368
3,119.976
8,26.88
3,83.97
3,104.97
8,90.8
8,140.736
5,214.95
7,45.36
6,288.24
4,663.936
7,2934.33
3,124.41
5,57.75
2,114.46
2,120.666
3,342.864
5,16.74
2,981.372
8,31.84
2,12.96
3,43.176
2,58.34
3,539.97
1,3.928
4,252.784
2,127.984
2,3.984
2,12.992
5,61.0
7,671.93
7,447.86
5,479.95
3,166.44
4,31.68
2,10.368
8,12.032
2,5.768
4,33.12
4,220.2656
3,10.776
3,242.352
6,695.16
1,220.98
7,12.957
6,25.68
4,15.712
6,298.464
3,21.93
3,242.94
1,7.64
8,51.84
1,265.17
3,837.6
5,135.9
6,34.68
6,532.704
5,43.1
4,15.88
5,1123.92
2,249.584
3,48.672
2,60.768
5,78.6
2,3.768
2,1036.624
4,563.808
2,258.528
4,49.12
2,44.46
2,241.568
5,395.0
4,627.168
2,13.28
3,12.672
5,30.56
3,77.952
1,67.992
2,12.224
2,44.784
3,22.848
3,206.43
2,210.392
5,119.96
6,10.608
7,347.802
4,963.136
3,88.776
5,32.4
5,32.4
3,31.05
6,2025.36
2,1799.994
2,101.988
7,262.864
2,735.98
3,93.024
2,284.364
2,26.0
5,67.64
3,119.976
5,5.18
2,15.56
5,78.35
3,59.52
9,38.52
2,239.984
3,19.35
5,67.0
8,390.272
13,62.192
6,23.88
2,3.168
5,528.43
3,13.392
7,181.86
2,180.588
2,47.984
2,18.76
3,20.94
2,58.68
5,254.9
2,9.64
3,826.62
9,1633.14
3,544.38
3,26.046
3,74.352
7,69.93
1,3.75
4,20.928
3,12.672
1,65.99
7,6.37
3,3.648
6,31.104
3,23.34
3,29.97
3,3.366
4,95.968
7,18.704
3,149.232
4,15.936
8,601.536
1,10.99
2,39.88
8,62.24
5,53.2
8,39.84
5,349.95
9,377.928
3,13.392
7,11.228
11,207.24
1,1.504
2,34.848
6,75.18
3,149.97
3,931.176
2,430.88
5,94.85
4,51.12
1,90.0
2,9.408
2,4.672
2,318.4
6,12.768
2,15.36
3,230.376
1,7.16
1,375.34
5,114.9
3,26.046
1,2.896
2,32.544
1,3.984
1,181.797
3,44.94
3,45.576
5,318.43
7,122.92
3,7.068
5,56.45
13,13.468
5,219.8
3,317.058
3,49.08
5,324.9
3,18.24
2,113.888
2,105.584
7,24.85
3,60.312
3,7.056
2,27.184
1,107.984
3,19.296
2,4.608
3,79.974
2,2.946
2,3.136
4,20.736
2,99.98
7,733.95
3,241.44
4,10.08
2,281.904
3,201.432
2,135.98
1,44.95
3,2.97
3,6.54
8,7.92
5,203.92
6,3359.952
3,18.24
6,27.78
7,22.96
1,28.99
2,12.96
7,22.96
5,4164.05
2,47.984
1,4.624
3,15.24
7,63.924
2,6.56
3,13.11
3,494.376
5,29.2
5,248.85
1,36.24
2,11.68
3,11.91
2,3.48
8,30.96
11,1704.89
7,19.194
4,121.792
3,1919.976
1,50.997
1,76.792
6,539.964
3,60.312
3,1.944
3,12.984
2,217.584
3,328.776
3,2.286
2,47.984
6,25.344
5,232.4
7,86.45
5,603.92
2,81.98
2,271.764
3,14.376
5,341.96
9,181.35
3,8.64
7,43.512
3,662.88
5,25.92
3,68.94
3,128.82
5,896.99
1,1.234
3,67.56
5,21.72
8,262.336
2,148.48
3,241.176
3,227.976
3,52.68
1,2.032
4,17.12
4,431.968
4,129.92
3,568.728
9,117.144
3,203.52
5,51.75
3,122.97
1,244.615
3,59.97
9,81.54
4,11.68
5,29.0
5,50.8
5,16.03
4,15.712
3,89.97
3,435.999
2,83.984
2,359.98
1,70.56
2,20.88
1,3.81
9,73.008
2,3.208
2,26.176
4,30.44
3,35.28
3,19.44
2,37.88
3,9.552
2,290.666
2,10.368
3,14.352
2,141.96
4,66.048
5,1287.45
6,25.824
2,160.96
3,28.44
5,364.41
4,39.96
2,361.764
9,111.672
6,13.776
3,10.272
9,24.048
1,2.896
3,17.94
7,384.174
5,1799.75
4,580.672
3,18.936
2,222.384
6,50.454
3,154.764
2,6.848
4,1091.168
2,219.168
1,6.928
6,40.032
4,443.92
1,169.99
4,25.92
1,36.99
6,629.1
3,193.95
3,5.46
7,22.288
4,65.424
2,77.88
2,281.372
2,281.372
8,7.488
4,22.336
2,10.368
9,65.79
2,271.984
4,11.76
2,77.52
2,48.64
1,1.81
2,8.26
5,43.56
2,5.84
2,271.764
2,262.24
8,182.72
7,131.6
4,22.72
2,558.4
4,15.24
10,1408.1
4,32.896
2,215.148
6,30.96
3,29.79
2,128.9
9,60.12
3,24.816
6,14.976
2,15.08
3,24.288
2,16.192
2,251.006
6,54.192
1,4.304
14,108.92
3,16.74
7,2504.74
2,84.784
5,29.9
2,70.88
2,3.76
2,27.264
5,56.65
1,14.97
2,4.02
2,471.92
4,58.72
3,5.16
2,16.496
3,71.976
3,22.512
2,3.444
2,538.194
2,47.984
4,492.768
7,286.79
1,5.08
1,47.992
2,61.96
2,361.96
9,278.82
6,133.38
3,47.952
2,16.74
2,10.848
2,18.544
1,180.98
2,99.98
5,34.95
5,152.0
9,92.52
2,8.56
7,45.36
6,1421.664
2,8.96
5,579.95
4,29.12
3,1202.94
4,7.92
1,36.192
2,147.184
2,408.422
6,382.116
5,68.6
3,435.504
2,11.168
4,72.0
5,655.9
4,603.92
2,513.024
6,487.92
5,15.24
3,209.97
3,62.94
9,25.92
2,10.368
3,95.736
4,900.08
2,201.584
4,3.392
4,193.0656
3,15.552
2,11.648
2,418.8
7,509.488
9,825.174
3,17.76
3,6.912
3,66.3
9,30.816
2,44.784
4,569.536
7,796.425
2,12.832
7,40.46
3,404.94
8,116.0
6,657.552
3,599.97
3,38.97
8,45.84
4,38.24
3,87.168
5,21.4
5,54.9
4,287.968
4,13.12
5,10.75
2,11.62
3,40.74
3,83.25
3,9.45
5,20.65
7,45.36
3,5.352
2,99.372
1,2.672
8,28.672
8,29.312
7,105.98
2,35.06
1,33.94
8,30.0
3,45.528
6,844.116
8,812.736
1,7.476
2,330.4
6,604.752
7,45.36
2,10.128
4,21.792
4,439.8
4,8.256
5,25.56
2,4.368
4,11.52
2,12.96
2,3.96
3,1577.94
4,15.008
2,59.98
6,2395.2
4,1687.8
1,7.992
1,5.184
2,11.68
10,104.8
3,14.496
1,4.784
1,4.73
1,7.89
5,65.5
8,2430.08
1,104.85
2,3.9
2,801.96
2,191.96
1,2.61
2,5.96
3,1169.694
2,1665.62
1,2.88
12,1443.96
1,2.92
3,465.18
3,22.428
5,37.52
1,2.624
3,15.552
6,64.704
3,17.472
1,135.516
9,431.928
2,12.448
5,657.93
5,277.4
2,25.16
4,91.92
3,29.34
3,139.44
3,6.912
3,27.096
2,177.568
2,58.416
2,16.448
2,36.784
6,718.116
4,31.776
5,9.555
2,487.984
1,5.56
5,217.85
3,40.776
8,63.936
5,142.4
2,7.16
12,681.408
2,3.52
1,5.58
1,36.32
7,2060.744
3,52.272
7,213.136
2,69.52
8,763.44
4,9.216
7,41.958
2,89.568
3,22.248
4,334.88
7,148.288
1,4.624
7,178.92
7,69.888
2,487.984
2,47.3
1,4.13
5,155.12
1,6.48
4,15.52
2,2.946
6,55.104
6,104.88
5,34.7
4,33.72
3,14.94
9,638.73
2,113.568
1,9.096
3,8.688
4,30.88
3,6.408
5,33.8
3,377.97
10,258.9
2,24.56
7,27.888
4,6.456
3,52.68
5,13.88
10,103.92
5,11.52
2,10.368
3,39.072
1,8.872
6,121.104
2,127.372
3,47.952
2,44.46
4,15.8
3,464.97
2,181.96
3,12.39
3,84.09
4,79.36
9,153.36
6,43.68
7,98.21
3,9.84
2,2.694
6,25.344
5,43.92
2,59.994
1,439.992
5,87.96
4,15.488
7,232.96
6,66.54
3,43.26
2,141.96
5,79.4
4,163.96
1,37.93
2,15.168
6,24.78
3,19.14
3,899.97
5,32.4
3,23.832
2,6.368
3,34.176
7,5.544
3,510.24
5,204.95
1,11.54
3,162.6
2,45.68
5,603.92
5,23.55
2,5.04
5,249.95
5,33.4
4,18.92
2,15.42
8,35.712
5,551.985
3,7.056
2,18.72
2,360.38
2,11.16
3,14.94
2,41.96
7,636.86
1,499.99
7,1259.93
4,65.08
1,26.38
3,71.97
2,129.98
2,32.54
1,10.9
2,59.98
1,61.929
4,16.52
9,60.12
3,49.536
3,11.85
5,118.25
3,368.97
2,198.46
4,321.92
2,879.984
5,28.4
3,230.28
3,116.28
2,841.568
5,354.9
7,42.784
5,563.43
7,111.104
2,11.68
2,16.9
2,24.4
5,87.6
2,241.96
3,8.52
3,1.788
2,99.372
1,1.344
5,119.96
9,1013.832
2,1.984
6,2003.52
2,82.368
3,62.91
3,6.912
3,383.976
2,10.368
7,335.944
6,665.88
3,71.976
2,37.94
2,273.96
3,269.982
3,8.904
4,720.064
2,41.424
2,3.132
7,1085.42
1,3.912
3,62.376
5,29.05
6,180.96
3,4.419
6,16.032
3,29.79
1,57.23
3,333.0
4,36.44
3,251.64
3,523.764
5,1359.96
1,102.592
1,22.704
3,93.024
2,12.768
4,35.008
1,39.152
5,11.76
2,5.238
3,4.662
5,523.92
1,100.792
3,146.136
2,25.06
6,19.824
5,823.96
2,15.984
2,801.96
3,59.97
7,1056.86
3,12.816
3,314.352
2,18.98
6,18.24
6,991.2
2,879.984
9,12.96
10,107.44
5,1458.65
1,26.64
2,476.8
2,87.444
3,76.14
2,19.96
5,1049.97
3,611.058
2,2.368
3,19.008
2,911.984
3,674.352
9,134.01
3,170.97
3,170.352
2,7.184
2,6.28
2,480.74
6,616.998
5,141.4
3,501.81
4,691.96
5,34.95
7,85.96
2,85.3
8,33.568
1,4.95
5,26.4
3,3.564
5,823.96
3,10.272
7,447.944
3,480.96
1,124.792
3,40.176
3,10.896
4,10.64
5,151.96
2,238.0
6,155.34
9,148.32
1,240.784
7,191.968
2,11.56
4,11.8
3,842.352
3,23.472
7,86.058
2,108.784
3,10.272
5,38.19
4,49.632
4,52.096
2,9.568
2,82.368
6,364.704
4,40.256
3,4.368
4,12.128
3,134.85
2,8.56
3,239.97
2,356.94
2,659.9
6,1684.752
8,559.92
7,279.944
5,9.98
5,48.9
3,3.552
3,15.552
2,2.368
2,127.984
2,10.368
2,47.984
14,270.34
7,98.112
4,563.808
4,10.428
4,547.136
5,14.85
2,41.988
1,7.584
5,352.45
3,470.376
3,19.44
2,9.82
5,801.6
2,161.568
2,16.096
4,7.656
3,311.976
4,61.68
4,63.96
3,359.976
6,25.344
5,26.72
2,30.28
3,57.93
2,35.34
5,137.24
5,241.332
1,5.184
7,145.544
3,5.472
2,47.984
5,9.4
5,74.0
2,201.584
3,28.752
3,27.216
2,197.372
5,1424.9
2,14.56
1,3.048
5,25.92
7,835.17
3,17.34
1,44.384
1,2.944
2,6.368
2,48.848
2,19.648
6,255.108
2,17.248
2,159.984
2,12.7
1,5.47
4,79.36
3,22.14
3,11.277
2,4.448
3,44.76
6,38.28
5,149.95
3,12.84
3,44.67
3,7.872
3,7.872
4,88.04
7,40.635
8,5.728
10,42.24
9,53.82
4,79.36
2,13.48
5,29.8
8,414.0
7,41.328
4,39.92
3,8.94
2,84.784
2,53.316
3,56.52
3,22.77
4,287.968
5,2799.96
1,48.94
3,257.499
4,2591.56
5,41.95
5,79.12
2,52.96
3,286.344
3,63.552
3,41.376
6,172.704
3,512.94
7,860.93
5,769.95
1,14.98
6,373.08
5,231.92
11,63.47
5,345.0
3,637.896
3,287.91
3,36.6
1,1.78
4,25.92
6,101.94
2,6.848
11,474.43
2,8.448
4,39.296
4,17.12
3,542.94
3,8.64
5,193.8
5,21.4
2,97.88
9,251.91
3,25.86
3,170.058
3,82.782
5,853.93
5,556.665
4,95.84
4,29.664
7,9.184
2,153.584
8,12.864
3,479.97
4,232.88
6,236.88
5,29.9
4,100.0
3,18.693
6,383.952
2,24.816
5,24.9
4,21.12
6,767.952
3,14.352
3,191.976
9,274.77
6,70.56
5,204.85
3,9.156
2,23.992
3,80.88
10,599.9
3,276.69
2,172.764
3,4.224
2,409.272
11,55.44
4,20.928
6,1801.632
1,67.176
5,646.2
7,72.744
3,572.16
3,68.112
3,25.032
1,39.992
9,20.016
1,3.104
5,7.52
3,10.272
12,47.808
9,978.84
9,13.14
4,10.024
2,156.3728
2,999.98
6,821.94
4,220.064
4,339.136
2,7.04
4,5.04
3,116.28
3,47.976
9,60.048
1,5.022
3,182.994
3,10.272
3,7.857
2,302.384
3,20.952
3,11.784
9,638.82
2,20.7
3,10.95
3,14.352
2,221.024
7,3080.0
4,79.96
3,587.97
5,32.4
5,404.9
5,9449.95
2,12.94
1,2.264
1,0.444
8,146.176
2,15.92
5,159.96
2,13.76
2,4.312
2,13.96
3,27.414
2,73.98
1,160.98
3,17.34
1,3.28
3,8.856
3,158.376
5,1219.96
2,3.168
3,19.44
7,454.86
8,91.392
4,19.04
6,37.44
3,37.59
2,26.032
3,35.91
3,91.032
6,54.66
6,67.344
3,2624.985
4,73.28
5,14.48
3,11.952
3,15.552
9,45.0
3,209.97
5,112.12
7,1575.14
7,25.06
6,6.924
3,37.392
5,79.12
3,18.9
9,57.42
7,12.74
3,8.82
1,120.784
3,322.59
3,9.762
1,13.72
1,55.2
4,259.136
5,29.24
3,15.552
3,4.896
4,38.088
3,2.808
2,47.984
6,26.064
3,15.696
3,12.84
3,539.97
2,22.58
4,16.52
3,671.94
7,169.064
9,168.624
3,19.44
4,31.92
2,433.568
6,31.104
3,54.816
7,48.86
2,14.2
2,12.96
2,58.34
2,56.3
5,629.95
3,122.97
5,46.35
9,14.976
5,4.24
4,319.96
3,17.04
3,344.91
1,81.94
6,98.16
7,6.874
1,1.996
2,8.928
1,9.99
3,10499.97
5,21.12
2,696.42
3,304.776
2,51.98
5,24.7
3,21.93
4,394.816
4,18.192
1,7.31
2,799.984
6,41.28
7,184.66
5,49.25
2,10.16
2,14.76
2,34.08
3,17.67
5,1604.9
1,385.686
2,15.984
3,9.42
2,6.56
2,24.56
3,128.4
4,62.28
3,9.24
8,482.664
2,4799.984
2,37.94
6,18.288
5,385.8
2,102.96
3,174.42
2,1.964
3,94.428
4,45.92
1,61.584
1,22.48
9,332.028
9,11.394
3,15.552
6,31.104
1,6.316
3,11.352
9,20.808
4,11.416
7,9.408
1,19.83
2,209.7
4,43.92
3,20.232
3,149.97
3,27.81
3,66.3
1,1.64
5,1049.2
5,20.9
6,88.08
4,751.92
7,887.103
7,55.944
2,10.688
2,11.824
3,63.312
4,96.784
3,10.476
2,9.762
2,196.784
2,47.98
5,13.05
4,63.96
1,80.48
3,11.673
8,863.128
3,3.564
7,956.6648
3,12.588
5,171.96
4,871.4
11,692.472
4,207.76
9,71.928
1,25.99
1,3.592
2,48.632
2,323.1
7,9099.93
2,9.96
5,25.3
2,11.36
2,69.264
1,3.69
3,1103.97
2,246.1328
2,11.696
1,439.992
1,64.784
5,33.28
3,14.088
2,11.16
9,896.328
1,189.0
3,53.982
5,177.225
3,129.39
4,54.32
13,4367.896
2,49.568
6,161.376
2,2.784
5,8.72
1,3.912
7,59.752
4,63.92
5,383.96
3,7.752
2,33.568
7,666.344
4,573.728
3,21.936
3,19.44
4,447.968
2,16.78
2,20.96
3,88.752
3,304.23
2,167.86
6,82.38
3,23.976
1,33.29
2,14.952
3,323.982
2,2.286
3,14.352
3,71.976
3,9.21
5,18.0
9,42.93
3,15.552
5,17.92
1,19.99
5,22.92
6,50.88
2,27.312
1,7.92
2,14.368
3,107.97
3,113.82
1,5.184
2,16.28
3,544.38
6,19.824
6,657.504
2,99.54
4,199.96
2,631.782
3,60.72
2,20.724
8,415.872
2,16.768
2,27.12
4,95.84
2,12.96
8,19.008
7,1598.058
4,36.96
2,10.368
1,77.72
2,520.464
2,111.96
3,29.16
3,131.94
4,25.92
4,704.76
3,7.41
10,21.5
4,10.528
6,20.544
5,104.9
2,39.68
5,51.75
2,11.68
5,159.75
6,103.968
5,303.25
3,270.72
5,1487.04
2,17.48
2,71.88
3,60.45
3,253.176
5,2.88
4,384.944
2,153.584
5,913.43
4,43.92
3,25.032
7,46.76
2,183.968
3,1259.97
3,68.97
2,70.368
5,59.96
1,25.984
3,27.36
2,361.376
2,172.186
2,69.008
5,199.9
3,901.95
5,971.5
2,11.328
3,21.24
3,34.8
3,38.976
2,9.08
3,314.55
1,4.91
2,5.78
6,107.94
3,19.65
3,617.97
3,59.7
1,387.99
2,575.92
5,30.4
8,478.24
3,190.848
4,5.484
5,40.92
3,15.552
2,17.24
3,302.94
5,34.75
6,113.94
2,55.98
3,27.18
6,1805.88
3,70.95
4,20.0
3,7.98
5,24.1
1,8.75
3,842.94
1,2.182
7,27.384
3,26.406
2,10.368
4,23.68
1,109.95
5,965.85
5,29.2
5,32.4
5,78.35
6,31.68
4,29.12
5,169.45
2,12.56
1,6.48
3,186.69
5,25.4
2,43.96
5,1279.165
4,27.92
2,129.568
2,6.368
5,244.55
2,1332.496
1,32.776
2,147.184
2,54.384
4,76.776
3,14.352
2,209.792
1,3.304
9,16.38
2,167.96
2,321.568
2,12.96
3,128.058
1,63.686
3,239.976
2,344.22
3,15.552
4,21.248
2,8.448
3,333.09
2,248.98
5,24.9
7,15.26
2,43.32
12,43.584
3,116.28
2,9.296
3,19.44
3,314.55
5,16.27
9,69.12
3,4.47
3,418.296
2,659.988
2,8.128
7,36.288
6,909.72
9,917.9235
6,38.88
4,631.176
2,12.96
2,12.96
5,23.2
5,25.92
6,21.312
7,173.656
2,361.96
3,62.85
3,818.376
1,20.34
1,23.99
3,171.288
2,37.3
2,81.96
6,54.792
1,10.784
1,290.98
4,36.44
5,21.4
7,48.664
4,16.56
8,1347.52
3,62.31
4,20.32
3,9.432
7,34.86
6,89.34
2,269.98
5,99.9
4,39.08
4,116.832
2,2.296
2,408.006
3,40.44
3,122.352
2,15.28
2,11.96
3,15.84
3,86.376
3,18.24
4,13.12
2,105.98
7,493.92
7,5.936
2,325.86
9,383.607
2,148.48
7,537.544
2,1.928
3,6.912
1,7.76
4,659.168
2,5.76
3,351.216
3,230.28
3,12.84
3,56.82
4,31.56
4,27.92
1,8.559
2,49.568
3,127.869
3,271.44
3,110.352
5,36.4
4,419.136
6,100.704
3,45.216
6,28.782
4,24.448
6,10.476
3,76.14
3,21.24
2,127.96
2,479.984
7,657.93
4,33.48
5,13.9
2,26.86
1,9.584
3,113.1
11,65.78
6,239.7
3,25.632
8,23.616
2,8.26
7,76.58
5,8.8
6,590.352
3,5.58
3,25.02
7,452.55
2,17.76
2,302.384
3,146.352
2,7.9
3,902.712
3,53.97
8,33.92
3,21.81
5,91.6
1,150.98
9,137.25
4,11.52
1,18.272
4,153.728
2,12.224
7,167.944
1,45.99
3,535.41
2,6.096
7,45.36
8,47.12
4,31.36
3,47.616
5,23.48
3,62.79
9,28.44
3,134.376
2,589.9
3,542.94
6,2879.952
3,90.48
5,77.55
3,8.832
4,177.536
2,258.48
3,14.136
5,77.55
2,24.88
5,140.75
3,36.63
2,17.14
5,51.75
3,123.96
6,586.398
1,80.98
3,242.94
4,123.92
3,12.39
2,47.3
8,1599.92
1,11.09
4,3.168
4,579.136
2,6.368
2,558.4
2,145.764
3,13.62
3,434.646
9,440.19
5,64.4
5,244.55
4,195.76
2,11.76
5,166.45
1,2.88
2,45.248
2,59.904
2,23.696
2,7.968
7,18.2
3,27.552
6,844.116
3,76.752
1,3.0
9,7.506
2,16.56
4,79.92
2,69.98
10,11.06
7,623.4648
5,772.68
4,283.14
4,635.96
1,118.99
3,272.94
2,15.008
4,33.088
1,80.98
12,82.8
2,21.36
2,62.048
9,29.61
9,863.928
4,241.92
4,163.88
2,3.486
7,10.584
9,440.91
5,5.715
2,51.968
3,71.976
3,242.352
5,221.92
2,8.448
4,29.52
3,302.94
2,142.36
9,546.66
3,212.13
2,5.248
2,74.416
2,6.848
1,7.996
2,8.712
7,65.17
2,14.62
4,173.24
5,895.92
3,130.71
2,11.68
3,62.31
1,0.852
7,36.288
2,56.568
2,344.704
2,201.584
2,521.96
3,8.22
7,45.36
7,947.17
2,61.96
3,268.935
1,7.58
3,14.73
2,9.888
3,671.544
4,1117.92
3,275.952
7,123.144
3,15.576
6,212.64
3,9.87
3,53.25
3,19.92
3,658.746
2,8.26
2,29.84
2,67.98
2,61.06
1,35.544
2,9.96
3,9.21
3,27.93
2,7.9
4,221.16
2,127.96
3,18.69
3,25.35
3,35.28
5,33.4
3,837.6
3,40.68
2,209.568
4,22.368
2,3.882
3,115.296
2,1.908
7,43.372
4,783.96
2,48.896
2,7.856
2,5.904
2,13.712
3,182.94
4,27.76
1,25.99
5,113.52
3,359.88
4,25.344
3,11.952
3,6.24
8,742.336
1,6.464
5,11.52
2,222.384
4,23.36
3,8.67
3,25.71
7,100.94
1,63.882
4,683.144
3,1.476
7,40.712
5,279.9
5,13.12
4,69.576
3,4.224
4,58.08
9,52.416
5,54.92
5,364.95
3,85.056
3,27.696
4,24.96
1,43.13
3,5.64
3,57.582
6,31.104
3,30.192
5,43.6
2,4.768
2,10.38
8,13.392
1,39.594
9,91.008
2,37.94
10,42.8
3,33.63
3,62.808
4,195.64
2,239.9
3,380.058
4,1199.976
3,48.576
3,17.94
3,18.264
2,34.656
2,81.552
4,227.136
2,10.36
8,463.248
6,383.952
6,44.856
7,30.345
3,127.554
3,77.952
4,14.016
2,69.52
3,5.64
3,13.776
6,245.88
3,36.63
2,22.58
3,12.39
5,39.92
2,61.96
4,19.936
2,3.798
6,27.744
4,158.376
2,27.58
3,5.553
5,243.92
4,14.96
2,7.184
3,10.512
5,263.96
11,71.632
1,9.328
2,5.88
5,975.92
8,303.84
6,485.88
3,12.54
3,8.94
3,9.24
3,70.008
4,77.6
9,464.85
7,10.192
2,1793.98
6,758.352
1,20.368
3,49.848
3,239.97
6,2404.704
11,563.024
3,344.91
3,8.64
2,89.988
7,229.544
2,1.824
5,18.32
3,48.816
1,1.188
5,119.8
2,61.568
3,6.192
3,2.214
2,5.32
4,975.92
9,2249.91
4,59.92
5,171.2
2,3.36
5,114.2
3,182.67
6,101.7
3,1126.02
6,1263.3
3,8.82
2,37.94
2,4.2
2,227.28
1,47.9
2,61.96
4,1117.92
2,183.372
2,7.968
8,26.352
4,481.32
1,13.98
6,25.92
3,91.59
3,674.058
4,22.92
5,269.9
8,11.808
2,9.588
3,18.336
7,36.288
2,111.984
5,5.97
2,2.508
2,35.96
3,14.952
7,67.144
3,254.058
3,173.94
2,231.98
2,2.296
2,96.08
2,3.62
6,629.1
2,90.48
2,14.88
1,91.275
3,19.44
3,897.15
5,57.75
3,14.94
2,23.1
1,12.536
2,1.08
3,4.512
3,16.776
7,33.74
5,1325.85
3,333.999
5,19.9
9,1268.82
4,283.92
2,5.68
1,375.34
2,96.08
2,11.68
2,4.36
4,29.24
7,117.488
3,18.84
3,12.42
2,12.96
1,69.48
2,85.9
7,18.06
3,79.14
2,37.4
2,2.512
9,18.864
1,61.192
1,67.84
1,48.712
3,17.94
3,242.94
4,7.764
4,467.04
3,128.85
2,8.4
2,199.98
1,110.98
2,207.984
2,36.112
2,35.568
2,88.768
2,12.9
9,717.12
5,21.36
2,6.688
6,773.94
3,20.568
2,4.356
4,19.04
2,5.22
3,84.84
5,7.24
5,14.4
3,15.552
6,1325.76
2,3.108
3,6.672
4,689.408
5,1889.99
8,55.936
8,18.432
5,20.32
4,52.064
1,48.784
4,13.092
1,109.592
5,56.7
1,79.99
5,69.5
4,191.6
2,10.56
3,47.79
5,714.3
2,2321.9
3,17.94
1,9.522
6,791.964
3,4.923
7,209.979
3,33.93
7,222.32
6,210.564
7,35.168
4,1502.376
3,10.11
3,772.47
2,20.46
3,347.58
2,72.64
3,772.47
4,39.92
2,33.48
3,461.97
2,137.62
3,302.67
3,239.976
3,8.34
1,8.57
8,119.616
3,212.94
1,26.49
5,687.4
3,653.55
2,33.9
5,239.96
4,199.836
2,716.0
7,221.06
3,67.71
4,129.92
9,467.46
5,61.4
4,720.76
3,5.184
5,14.7
7,8.134
2,79.984
2,18.54
2,24.4
4,195.64
5,398.4
3,7.056
9,1352.3976
5,26.4
6,41.88
9,99.846
2,699.98
9,584.82
2,43.98
3,377.97
3,123.96
2,391.98
3,383.976
7,1781.682
5,21.4
1,549.99
3,167.535
3,38.34
6,53.88
2,299.98
4,62.8
2,13.904
5,744.1
5,44.84
2,401.59
3,18.24
3,359.499
1,10.48
4,20.736
4,35.168
3,64.704
4,105.52
2,5.792
7,466.158
1,10.312
3,2.556
2,7.968
1,8.784
3,3.024
3,51.45
4,14.016
5,214.95
4,35.04
3,10.776
2,4.6
2,35.168
3,19.152
2,4.448
1,5.184
3,15.552
6,40.032
3,16.776
4,186.304
4,66.36
9,42.048
5,67.92
6,52.512
6,186.912
4,10.048
9,17.496
3,15.552
3,10.776
1,3.304
1,35.48
3,34.44
7,629.93
9,79.056
5,232.55
2,99.98
3,19.44
2,12.96
9,464.292
7,68.46
4,2799.96
2,601.3
1,16.99
3,287.97
9,44.82
8,101.12
3,107.976
7,58.73
4,93.344
5,17.05
2,8.096
4,30.36
3,23.34
5,51.55
2,119.9
6,1317.492
8,63.84
1,3.592
2,86.26
4,139.04
4,46.8
4,8.544
3,842.376
3,1214.85
2,67.78
5,39.9
1,2.688
3,6.6
4,28.4
3,212.94
2,1001.584
3,569.058
2,14.224
2,105.584
2,68.72
8,1367.84
2,301.96
3,170.352
2,3.9
3,12.84
3,15.84
3,563.94
3,62.94
3,535.41
5,3504.9
3,144.12
3,314.55
1,3.408
2,2.072
3,328.3992
2,53.248
3,4.992
2,37.68
2,258.576
2,75.84
7,45.36
3,45.78
3,40.29
7,38.71
6,1801.632
8,748.752
4,199.96
7,1516.2
6,167.952
2,45.04
2,23.16
5,397.6
7,85.96
4,13.12
3,45.66
3,158.13
5,43.6
3,3930.072
1,2.304
3,431.976
7,41.72
7,104.23
3,70.26
2,9.26
2,105.98
1,1.24
2,20.7
5,28.9
1,27.18
3,465.18
3,36.63
3,51.45
3,7.83
5,35.4
5,29.9
2,17.48
3,79.14
5,8.4
7,498.26
3,212.94
7,706.86
5,114.95
7,43.19
3,166.44
5,36.56
6,186.144
2,353.568
2,81.98
2,14.624
5,697.16
1,30.93
7,27.496
6,605.34
1,210.008
3,54.96
3,164.22
3,362.94
2,59.98
3,332.94
2,39.872
2,13.68
3,3.318
1,10.44
2,136.464
3,333.576
2,12.544
8,20.768
3,43.5
4,12.576
5,249.95
4,49.12
3,182.91
2,107.648
2,99.372
2,33.568
2,10.56
6,38.88
5,35.2
3,45.528
3,196.776
2,2.92
1,200.795
4,46.688
3,21.864
2,11.76
3,167.94
1,3.89
4,52.44
4,32.36
5,406.6
4,27.92
7,399.672
4,3.744
3,715.2
4,159.8
5,44.75
6,340.116
4,105.52
1,13.48
2,85.52
2,6.16
3,36.84
3,15.84
3,44.4
9,21.24
8,9.552
3,89.991
4,163.96
2,17.904
5,966.7
6,182.112
1,4.464
1,51.588
8,50.4
2,89.568
1,14.89
8,543.92
2,4.08
3,18.9
10,2275.5
6,1979.7
6,62.1
2,37.296
2,8.544
5,68.95
3,296.37
2,39.98
3,191.058
5,13.04
6,1525.188
4,9.216
2,28.048
2,64.96
4,30.56
9,187.056
2,11.808
1,9.656
4,20.736
3,27.36
7,2314.116
4,34.236
2,19.76
2,15.96
5,16.9
6,25.08
2,6.68
3,19.44
2,31.92
2,33.568
1,63.94
5,60.6
4,22.72
4,10.68
3,17.34
1,3.38
4,26.976
7,307.776
5,244.55
6,12.24
2,13.98
5,899.95
1,1.632
5,267.96
1,31.95
4,725.84
3,10.896
2,8.544
3,32.34
5,39.9
9,143.856
4,41.92
2,329.584
8,87.28
6,279.456
2,8.0
5,27.24
1,16.36
2,15.78
2,45.98
8,198.272
5,720.76
6,70.56
2,81.96
4,64.864
1,151.192
3,88.776
4,11.56
1,15.58
3,85.056
2,273.96
3,306.9
3,15.552
7,347.361
2,10.368
6,98.16
3,31.44
7,348.488
4,172.736
3,15.54
6,105.552
5,25.92
8,15.808
2,10.368
3,358.2
14,545.916
9,40.41
3,167.976
3,109.53
2,9.82
3,26.352
6,22.5
2,9.96
7,213.08
6,1025.88
7,21.98
5,63.2
12,39.0
3,2.907
5,556.665
2,71.98
2,79.98
4,24.672
1,3.744
5,445.96
1,36.24
3,10.65
4,87.92
1,22.424
3,90.48
1,42.76
7,10.08
3,101.34
5,224.75
6,73.176
4,20.736
2,39.984
2,15.36
7,36.288
2,150.384
3,280.782
2,31.984
3,11.232
5,26.4
2,3.52
5,1649.95
6,111.9
5,599.165
3,46.53
2,31.984
2,161.568
1,4.064
4,6.216
4,8.896
5,1640.7
3,270.0
2,19.52
5,9.81
3,213.216
2,588.784
1,2.064
2,6.368
1,99.6
13,62.296
3,10.71
1,20.936
6,33.0
5,249.95
3,357.93
5,57.4
2,331.96
2,40.56
5,86.2
6,38.016
1,8.384
2,6.848
5,19.6
2,68.46
6,13.344
8,1478.272
1,16.272
3,9.24
10,32.34
4,56.064
5,108.72
5,181.47
3,16.176
3,122.352
3,585.552
3,19.44
5,123.92
5,13.36
2,78.256
7,102.018
2,750.68
3,44.4
5,84.55
3,17.94
3,128.4
1,1.869
1,103.192
2,36.0
4,239.96
2,40.68
4,419.136
3,23.472
4,3.592
3,23.976
3,6.264
3,20.808
3,218.352
2,18.16
2,7.36
4,41.4
4,411.332
4,7.656
2,63.92
2,6.56
3,7.83
2,41.9
6,664.146
2,8.96
1,3.312
3,20.136
3,8.856
4,859.2
2,61.96
4,17.92
5,145.9
2,56.704
2,11.12
4,32.896
3,22.776
3,239.97
2,160.32
3,128.85
4,1319.96
10,239.96
2,54.768
3,13.392
5,23.92
4,255.968
6,21.552
4,58.24
12,80.28
2,9.78
1,1.81
2,37.94
5,79.96
3,115.296
4,2479.96
6,179.94
3,26.85
3,323.37
3,59.94
3,64.14
3,11.67
2,12.96
3,17.43
2,181.986
2,1.592
3,22.344
6,455.97
6,10.44
2,5.214
5,67.4
2,25.16
4,126.56
3,43.68
7,139.93
1,2.672
6,16.656
3,79.512
7,36.288
1,67.9932
2,10.16
2,6.16
2,56.3
1,6.48
5,1325.85
3,14.94
1,34.54
5,2999.95
4,64.12
4,19.456
2,209.986
5,29.76
1,89.768
2,959.984
3,15.552
1,34.36
3,98.376
4,29.94
3,17.472
1,36.738
2,179.94
6,383.64
3,56.52
2,6.56
5,243.92
9,47.52
1,19.98
5,8.0
2,6.16
4,83.56
3,546.06
3,269.49
5,10.9
2,6.096
3,34.05
2,352.38
2,245.98
1,18.94
7,59.913
2,391.98
3,437.85
2,68.62
3,25.02
3,10.71
2,55.984
5,14.48
3,142.488
1,14.16
5,79.92
6,590.352
2,17.088
1,98.392
5,11.05
2,7.78
2,659.9
3,53.04
2,843.9
9,1496.16
2,117.96
5,21.3
5,1040.8
6,29.34
2,19.52
4,443.92
5,499.95
1,3.04
2,201.96
11,68.64
4,100.0
2,359.98
2,6.16
9,2348.82
6,13.872
3,273.552
9,815.292
3,234.45
6,1256.22
2,17.46
7,10.528
5,152.8
5,82.56
3,284.97
3,60.84
6,1325.76
3,572.16
9,28.8
4,11.12
4,7.04
3,17.94
5,34.76
5,74.45
14,192.22
3,19.44
5,32.4
5,57.9
2,10.56
5,1194.165
1,40.99
1,2.94
4,45.24
4,18.688
2,11.648
3,112.776
5,377.45
4,15.936
3,28.68
2,21.44
9,511.056
2,18.656
7,11.088
1,66.688
2,99.488
2,14.62
14,53.984
3,389.97
4,355.36
3,140.376
2,15.84
2,8.448
2,12.96
6,57.408
4,27.6
3,38.976
7,20.44
2,109.92
1,6.38
1,6.48
3,15.84
7,1049.93
5,154.9
3,98.352
5,14.32
6,129.888
7,48.944
3,275.058
9,27.36
5,44.75
1,134.99
5,26.4
3,542.94
2,71.088
9,27.396
1,13.456
1,11.84
6,35.88
3,40.752
5,139.96
1,2.624
1,136.53
1,263.96
3,11.64
3,40.176
3,79.44
3,357.93
2,127.764
7,2799.944
3,19.44
1,36.792
3,5.94
5,177.55
5,619.95
3,29.16
7,57.96
3,29.403
5,81.4
5,8.72
3,91.176
4,159.968
2,12.96
3,331.536
9,899.91
7,946.344
3,178.11
3,1089.75
2,61.06
4,459.92
4,27.52
9,638.82
3,30.69
2,25.16
3,13.92
2,19.36
2,19.3
3,38.376
2,12.96
1,26.48
2,532.72
4,26.72
3,20.04
7,795.48
7,21.56
2,249.584
3,68.112
3,16.56
5,74.95
3,355.455
3,44.4
5,20.65
4,866.4
2,5.56
4,3.16
5,1999.96
3,46.152
3,32.985
4,481.32
1,6.384
3,542.94
4,54.92
10,1448.82
6,353.88
3,333.576
6,60.144
6,85.2
1,3.15
4,22.72
3,14.91
4,1158.12
1,599.99
2,23.968
7,638.288
1,13.208
3,15.528
1,104.85
3,30.48
1,112.648
3,71.976
1,2.21
4,15.52
4,36.44
6,217.764
6,39.072
7,22.638
7,95.144
5,12.32
3,4.419
7,35.0
1,72.784
2,97.84
1,51.75
2,46.672
9,1395.54
4,117.36
3,18.9
2,77.52
2,421.372
4,575.968
2,10.368
2,15.984
3,10.272
4,61.792
3,205.9992
3,12.192
2,87.168
2,31.744
4,132.224
4,105.52
2,91.96
3,1487.976
3,19.44
1,11.672
4,279.96
3,12.912
4,17.088
9,93.15
4,11.52
2,238.62
1,7.77
5,285.48
4,19.168
3,26.136
4,419.4
1,90.801
2,181.764
2,5.56
2,581.96
1,29.98
4,519.96
3,6.264
5,363.92
5,64.2
3,38.52
5,72.6
4,57.568
5,83.7
5,32.4
2,47.98
4,415.968
5,304.9
4,80.96
7,777.21
5,32.4
2,225.568
3,36.6
2,715.64
3,795.51
1,549.99
3,74.76
3,29.22
2,9.64
7,33.488
3,23.04
1,1.362
5,14.76
2,239.666
2,301.96
2,7.968
2,109.92
3,19.44
2,11.16
3,79.47
2,4.56
5,1133.35
1,4.672
6,104.58
4,1603.136
7,1293.488
3,127.95
1,59.76
7,108.08
3,9.54
3,11.736
7,447.86
3,17.94
6,245.88
4,192.16
2,801.568
9,368.91
9,885.528
2,28.28
3,4912.59
3,14.352
3,179.97
1,42.76
2,45.68
2,25.06
1,38.432
2,21.568
3,81.576
1,2.78
3,99.87
3,44.4
5,21.4
4,71.12
4,259.96
1,9.78
9,24.192
3,31.56
3,59.94
4,45.36
5,26.4
4,41.4
1,16.95
2,24.704
3,59.7
3,14.52
3,104.184
3,46.53
3,25.5
5,14.9
7,87.71
2,199.764
4,94.6
6,4228.704
5,2003.92
3,209.97
2,659.9
2,110.96
4,67.8
2,313.176
7,22.96
10,1099.5
8,1215.92
1,7.31
4,8.92
3,87.21
3,15.552
2,683.988
3,13.392
3,16.776
2,527.92
5,25.4
3,177.48
3,71.976
1,95.992
4,13.216
12,435.84
2,5.88
4,211.168
1,6.28
5,95.1
4,25.92
4,48.84
5,25.9
4,42.68
3,299.97
2,262.24
6,234.36
4,20.736
5,10.5
2,23.968
4,521.96
5,676.55
5,154.9
4,30.56
3,770.352
4,21.12
9,575.928
2,7.78
4,123.92
3,17.22
6,226.56
3,107.88
2,81.98
1,104.85
2,8.704
4,19.92
3,43.02
1,240.784
2,414.96
5,387.72
2,360.38
2,13.56
10,552.0
5,429.9
2,32.06
2,161.96
2,19.86
2,12.96
6,20.544
6,185.58
2,77.56
4,87.92
6,245.94
1,8.6
5,504.9
7,2357.488
7,369.544
3,184.752
5,64.96
2,13.52
5,458.43
4,387.136
3,328.59
3,338.352
4,25.92
4,91.36
3,87.96
2,5.214
1,12.294
4,19.76
2,109.764
3,128.85
3,127.95
3,68.52
3,74.94
6,2548.56
3,271.44
3,287.88
5,14.9
8,4158.912
2,91.96
7,33.11
3,19.44
1,55.48
5,91.92
2,17.34
2,71.98
3,7.08
2,69.98
8,646.272
2,10.368
5,8.4
5,71.96
2,18.48
3,9.84
1,239.24
4,21.12
5,54.9
3,15.24
2,19.568
4,310.392
3,42.6
6,113.94
4,129.92
3,5.28
3,859.2
3,506.28
2,14.368
3,314.352
7,27.888
3,238.152
3,692.94
9,16.146
5,1345.485
7,173.488
5,57.75
5,272.4
3,11.952
4,28.0
7,12.201
1,2.068
8,83.84
2,11.36
5,36.4
2,27.968
4,142.04
3,14.67
5,1199.96
3,12.6
3,17.94
6,23.904
8,88.96
8,518.272
1,6.98
1,343.2
3,17.544
2,152.688
2,3.488
2,5.888
3,153.552
2,270.62
6,468.9
2,72.48
3,10.95
3,191.82
9,151.056
5,25.16
6,6.216
9,23.616
2,24.032
1,2.088
6,4.488
3,29.22
1,6.48
2,1.188
3,272.646
2,212.8
9,38.52
2,72.64
4,45.4
2,13.76
1,80.991
3,11.784
2,4.36
11,2888.127
2,1299.66
5,2254.41
3,104.85
3,59.97
2,314.532
4,13.632
2,19.432
5,65.44
2,6.0
3,1.908
7,1474.802
2,110.096
6,16.752
9,1537.074
2,449.372
6,41.904
4,2279.96
3,14.94
3,191.976
3,23.832
8,409.216
2,72.588
2,61.568
4,20.96
5,44.75
2,11.96
1,3.912
6,327.996
4,49.408
3,53.25
2,3.76
14,767.214
5,163.96
2,161.28
4,192.8
3,27.696
6,73.164
6,32.064
2,205.666
3,115.44
5,274.8
4,195.64
2,257.98
6,119.04
3,20.07
4,11.76
4,11.76
2,40.736
2,201.584
6,340.704
5,354.9
10,1198.33
4,87.92
2,51.968
3,51.336
1,332.704
3,42.408
3,81.54
12,167.28
4,772.68
3,323.976
4,11.808
3,26.16
5,33.57
3,4.992
3,20.016
2,170.24
3,117.456
2,22.96
2,13.36
3,34.248
2,3.52
5,26.7
2,21.2
2,838.38
4,1690.04
7,85.96
2,121.96
4,23.92
2,63.96
5,629.95
3,113.73
2,14.6
8,887.84
5,403.92
10,106.8
3,70.95
6,34.944
6,119.04
4,383.84
9,799.56
3,31.44
5,25.92
5,6.33
5,75.88
2,329.988
3,71.376
7,63.77
3,50.97
2,96.08
4,1439.968
3,43.56
5,563.92
8,235.152
2,7.712
7,51.016
4,25.248
1,56.686
2,51.168
9,2793.528
7,1000.02
3,65.94
3,18.24
2,76.12
1,7.64
3,68.16
8,62.24
3,29.97
6,125.7
2,191.98
7,20.86
9,56.7
4,72.704
7,12.264
3,218.352
1,66.294
4,291.168
3,88.776
4,110.376
3,55.176
4,30.32
2,177.568
3,19.44
11,71.28
5,1471.96
5,79.96
3,57.576
4,26.336
3,166.5
2,360.38
1,11.744
8,247.44
2,18.24
3,25.35
6,119.04
3,22.14
2,13.98
1,43.41
3,6.24
2,465.16
1,7.98
1,2.394
9,58.32
3,200.97
8,21.36
4,9.856
1,3.444
2,384.592
3,22.92
4,11.36
3,14.592
4,41.4
7,442.372
3,34.5
5,28.85
2,3.488
9,143.856
2,311.98
5,22.45
1,39.992
9,1159.056
5,179.9
7,116.312
3,12.42
3,428.4
5,24.75
7,87.71
2,69.52
2,20.784
3,12.816
2,5.904
2,63.824
3,141.552
5,304.9
5,563.24
2,661.176
3,239.976
3,502.488
6,196.704
4,915.136
8,327.76
2,701.96
3,88.776
3,64.14
1,33.552
6,1737.18
5,704.25
4,141.76
3,36.36
3,25.83
3,24.588
2,13.984
5,195.96
3,74.352
1,6.68
7,17.584
1,104.784
3,47.952
3,650.352
8,629.184
1,15.176
3,127.95
3,579.51
1,14.99
4,151.92
2,196.62
3,144.12
2,15.96
5,39.96
6,34.08
2,10.368
3,7.752
2,15.28
3,65.97
5,33.4
4,210.84
1,13.98
3,272.94
5,19.05
4,247.716
2,66.58
3,43.92
3,14.73
5,29.7
4,49.12
5,18.28
4,47.04
5,339.96
4,87.8
2,221.382
4,5199.96
4,156.512
3,119.85
2,30.44
2,69.28
3,587.97
5,24.55
1,12.176
3,37.32
2,35.06
5,108.4
2,361.376
1,2.412
1,8.39
2,337.98
5,83.92
5,19.68
4,25.92
1,6.48
6,86.352
2,56.3
7,51.016
5,150.8
1,1039.992
8,51.84
1,41.22
1,240.37
2,119.02
5,133.12
5,38.08
2,113.568
4,83.92
3,6.63
3,371.97
2,561.584
5,99.92
2,4.928
2,14.76
1,99.99
5,286.15
8,49.792
5,299.975
4,158.376
4,32.784
2,47.984
8,62.592
1,4.276
2,10.56
2,229.94
5,311.15
2,12.96
2,14.62
2,5.76
6,21.48
4,396.92
1,17.15
2,23.12
2,5.248
5,824.95
8,24.64
6,227.88
2,241.96
1,3.89
3,8.01
3,177.48
2,569.568
7,149.73
5,899.43
5,46.2
3,47.952
1,7.992
2,76.864
3,102.93
6,98.16
5,11.52
1,83.88
4,108.576
2,5.984
2,21.96
3,368.97
3,12.39
3,332.94
7,111.93
8,454.272
3,19.44
4,8399.976
1,6.294
2,10.368
3,122.382
2,25.984
6,945.036
7,14.301
3,410.352
5,23.52
5,180.96
4,35.0
5,477.15
3,302.376
4,974.988
5,589.41
5,34.7
3,99.87
2,37.94
5,24.9
3,82.26
6,7.104
5,103.5
1,2.464
1,8.72
2,10.76
2,45.68
1,6.7
3,158.376
2,3.44
2,56.56
7,36.96
1,135.99
7,15.96
2,3.76
5,14.7
5,37.2
3,89.97
2,261.96
5,74.0
2,13.28
6,84.96
7,68.46
5,2079.4
5,629.95
6,72.42
2,131.98
7,114.52
10,100.24
3,871.8
4,61.96
3,4.554
2,5.2
1,205.992
3,15.552
5,503.96
7,24.472
2,241.568
2,110.4
2,384.768
6,78.66
4,45.36
4,962.08
3,12.843
14,295.456
5,32.4
4,103.936
2,289.568
5,39.72
4,244.768
2,24.0
3,15.552
2,26.176
3,20.94
9,135.09
14,279.86
6,90.06
6,539.964
7,50.232
3,19.242
3,1247.64
3,5.304
4,19.136
4,332.832
5,279.9
3,50.352
3,34.02
6,23.88
4,11.52
7,286.93
2,206.384
3,218.352
5,529.9
10,99.3
2,108.96
1,2.688
4,5443.96
3,302.67
7,56.07
2,10.08
1,59.994
5,5.715
5,9.42
4,1999.96
4,216.4
3,6.936
3,4.428
5,8.8
1,142.8
5,399.95
3,2152.776
10,4007.84
3,328.59
3,98.352
1,158.99
5,291.1
6,73.68
2,139.92
3,107.88
1,33.29
5,58.17
2,5.04
1,24.784
6,634.116
3,17.472
6,155.88
4,327.564
2,13.36
5,158.9
4,319.968
3,505.32
1,3.808
1,8.682
1,24.424
9,1522.638
5,419.9
1,3.15
5,33.62
3,16.14
2,194.25
3,8.64
4,872.32
4,243.992
5,7.12
2,2.688
3,317.058
3,149.352
3,227.976
2,11.96
4,563.4
8,319.92
8,1049.44
3,170.352
6,173.94
7,1007.944
1,6.68
3,8.34
3,101.94
3,179.97
6,101.94
4,271.96
5,8.8
6,19.68
3,302.94
3,14.94
2,231.72
3,9.912
3,34.65
5,19.8
2,33.568
7,125.93
5,11.76
1,5.344
1,1.365
2,62.016
3,60.72
3,146.82
8,239.84
6,15.66
3,146.352
3,5.94
7,45.36
4,211.168
6,484.704
3,371.976
6,89.82
3,19.296
2,191.96
3,21.3
5,469.95
3,209.88
2,239.666
6,22.5
4,219.84
5,32.4
6,209.94
5,4164.05
3,212.94
6,41.88
8,58.48
1,102.438
4,199.304
4,6999.96
2,12.96
14,279.86
5,7.38
3,698.352
5,1747.25
1,54.48
1,199.99
11,68.541
4,627.168
5,122.12
3,6.99
6,107.424
8,1421.664
6,125.88
2,79.78
9,133.2
4,438.368
7,139.944
4,133.472
3,564.195
2,87.168
7,42.616
2,319.984
5,45.92
2,21.184
4,20.736
5,213.43
3,333.576
1,31.992
2,51.168
5,10.64
2,68.704
9,386.91
2,39.66
2,113.92
7,447.86
5,356.85
7,251.58
5,219.84
5,42.85
2,6.16
2,17.0
5,87.4
2,29.84
2,49.568
7,265.86
4,67.96
6,10.92
2,83.9
5,19.75
3,393.54
7,46.872
1,10.9
4,79.92
3,146.82
2,3.6
6,20.04
1,180.016
2,41.552
5,13.12
4,1117.92
4,111.96
5,12.16
4,17.52
6,155.88
11,477.51
3,164.88
3,47.97
3,415.176
3,35.232
1,54.96
2,16.34
2,225.296
3,50.352
4,163.136
4,6.408
2,217.584
3,5.43
3,143.976
7,519.68
3,7.83
4,883.84
3,230.352
8,273.92
3,9.912
6,266.352
3,56.328
3,39.264
6,95.232
6,30.0
4,25.92
4,159.92
3,34.944
5,149.95
2,23.32
3,16.74
6,14.82
3,10.47
3,11.07
4,20.704
5,177.2
6,50.496
3,6.129
4,643.136
4,20.736
4,177.536
2,32.432
2,11.696
3,113.76
3,579.51
9,150.66
4,48.032
3,102.624
2,359.772
3,13.392
3,122.136
6,35.88
6,479.952
5,23.92
5,629.95
1,14.952
3,17.94
2,116.98
2,121.96
2,8.74
2,61.96
2,7.96
4,275.24
5,47.4
4,512.96
6,395.94
2,81.96
1,32.776
3,272.94
2,253.764
5,29.24
2,35.168
3,1362.9
3,317.058
2,15.76
5,14.56
7,196.21
5,35.4
5,419.4
3,13.005
2,7.712
1,4.176
6,38.88
4,17.64
3,93.456
9,449.91
3,344.94
2,14.76
2,12.76
8,58.48
4,20.096
3,37.752
1,138.588
5,259.92
4,20.736
3,129.93
7,69.93
4,140.736
5,8.32
1,9.98
3,62.94
2,21.488
3,239.976
2,34.504
2,20.104
1,3.798
5,7.88
1,35.445
2,269.97
3,45.12
2,100.8
2,47.968
2,99.98
2,9.96
1,3.856
3,98.376
3,22.38
2,3.882
1,12.585
2,113.372
4,18.312
8,127.936
2,241.17
3,6.24
5,17.9
3,3266.376
5,1.68
3,7.968
2,113.372
2,2.96
5,168.1
9,98.46
2,358.58
2,32.48
5,17499.95
2,735.98
7,34.37
2,33.96
3,197.97
4,17.48
3,8.016
1,146.04
2,27.88
5,152.65
1,22.72
4,11.12
5,1640.7
5,371.2
3,14.832
3,20.7
3,11.34
5,67.9
4,1059.12
2,478.48
4,32.04
1,55.992
2,76.864
4,59.92
6,1565.88
7,106.05
4,62.04
3,494.97
4,367.96
2,44.96
3,182.94
3,28.14
2,7.38
5,10.9
11,274.89
8,23.04
3,218.352
2,10.368
2,12.672
5,91.96
3,254.97
2,31.984
9,2887.056
2,12.96
9,47.52
3,11.952
1,4.98
5,10.78
3,119.976
2,25.06
3,1652.94
6,131.376
1,5.344
5,2003.92
5,32.4
9,1913.4
3,146.73
5,114.2
8,2567.84
4,37.056
2,259.896
3,19.05
3,73.344
8,95.68
7,50.96
3,113.94
4,25.92
4,20.32
2,411.98
2,34.48
5,244.55
3,10.782
7,602.651
6,7.656
7,559.93
5,2399.96
4,16.0
2,5.588
5,235.92
1,10.68
2,41.28
2,1001.584
2,14.76
3,2.502
2,115.96
3,186.54
4,159.56
2,55.984
1,132.16
6,17.904
4,124.032
5,1403.92
3,28.8
2,24.588
7,356.79
1,16.98
5,491.55
2,7.38
7,23.66
12,681.408
3,18.9
4,93.68
3,21.93
7,862.344
1,19.98
1,13.494
2,23.988
2,31.984
2,41.584
3,95.976
2,84.272
2,36.544
4,479.72
2,102.368
5,28.4
4,713.88
3,68.52
5,623.96
4,11.12
5,523.92
2,2.48
2,221.024
3,128.058
7,58.408
3,79.974
2,479.988
3,11.808
4,53.568
5,503.96
2,21.34
5,36.4
1,51.75
1,15.51
3,146.82
2,12.96
3,7.8
5,10.2
3,22.32
5,24.1
2,75.98
2,6.46
9,60.12
3,824.97
5,24.85
2,12.624
2,89.584
2,471.92
4,18.18
2,31.744
2,5.904
4,621.76
2,59.98
9,48.87
5,154.9
4,5.92
3,30.18
5,24.1
1,8.78
4,376.74
4,29.52
2,11.96
5,26.4
5,1158.12
2,1.392
3,44.43
5,226.2
3,186.54
7,265.86
5,27.9
4,31.08
4,13.84
4,175.872
2,12.96
3,208.44
2,25.76
4,366.744
7,289.24
2,69.456
1,5.184
2,205.164
2,8.544
2,12.828
3,598.458
1,25.984
5,17.96
2,5.04
1,208.16
3,148.257
3,146.76
2,32.96
3,587.97
3,14.94
7,25.83
3,15.552
1,6.8
3,4.224
9,143.64
6,31.104
9,223.056
6,227.46
4,46.24
2,5.22
5,33.9
3,28.14
2,36.0
3,92.94
3,245.646
3,55.008
3,35.232
3,523.392
2,479.984
2,12.96
3,17.94
2,166.72
3,24.816
2,124.36
5,599.97
4,198.744
2,9.184
2,9.248
1,99.592
4,399.96
3,15.552
2,14.576
5,209.6
2,23.32
1,30.98
4,119.96
5,363.92
3,35.808
9,122.688
7,892.136
3,50.22
2,83.42
2,5.872
3,12.144
3,27.792
2,6.208
3,32.67
7,1261.33
6,38.88
2,1.964
9,82.656
1,5.98
2,9.248
2,4.448
1,5.184
5,175.92
4,4.752
2,13.344
5,54.9
7,22.911
9,309.456
4,19.456
3,472.518
3,1012.68
5,17.22
2,3.52
9,1626.192
5,8.595
2,190.896
3,99.87
4,79.36
1,119.96
3,106.32
3,163.44
2,42.76
5,51.55
6,479.952
6,146.688
2,276.784
5,25.32
9,318.96
6,212.64
3,23.472
2,19.648
3,6.57
2,421.1
6,760.116
3,38.784
9,122.328
2,25.98
2,3.28
4,459.88
2,7.76
2,71.96
5,54.9
2,9.28
6,1685.88
2,5.728
2,61.96
1,1.344
3,17.94
2,13.904
1,67.194
7,41.86
2,141.96
3,10.02
3,144.12
3,17.94
3,13.89
5,16.45
4,19.92
4,35.168
7,123.088
3,257.94
4,1879.96
2,27.46
2,89.98
3,828.6
5,7.23
2,17.44
4,62.88
3,290.352
4,113.52
5,135.3
5,111.15
5,776.85
1,12.294
3,154.764
1,43.28
3,92.94
3,52.56
3,971.88
2,141.96
2,182.55
2,88.768
7,53.088
6,275.88
5,157.9
1,4.91
4,87.92
1,5.98
2,222.384
4,16.0
3,21.84
5,15.6
8,247.84
3,9.912
2,69.52
4,11.52
3,717.72
10,236.5
3,170.352
2,145.764
3,107.97
5,143.96
5,2399.96
3,74.352
8,87.168
3,32.232
2,2.202
3,9.396
3,89.97
3,12.78
2,40.0
5,23.24
9,908.82
2,5.552
3,8.016
4,74.592
2,16.784
4,38.864
3,203.976
3,674.352
4,5.388
8,30.976
6,1350.12
4,15.92
2,19.54
5,21.4
2,12.6
2,11.96
2,138.0
1,116.76
7,331.023
5,756.8
3,8.736
2,6.08
2,17.46
11,369.16
2,2.912
4,20.736
2,9.568
3,30.18
12,51.648
3,11.232
3,14.73
5,16.4
4,25.92
3,8.82
2,62.496
4,339.96
2,49.568
3,274.491
3,137.94
3,40.68
3,110.376
7,151.62
4,30.8
5,123.92
5,1319.8
6,89.712
3,22.83
2,30.88
2,465.16
4,27.12
8,113.6
2,12.96
2,69.456
3,8.64
3,341.991
7,43.96
7,39.76
7,66.36
6,92.88
2,24.14
9,4416.174
7,49.56
5,354.9
3,15.12
5,302.45
8,44.672
2,119.98
3,989.97
4,9.216
3,68.52
3,364.74
5,47.4
4,49.76
2,5.56
6,629.1
5,14.7
7,45.36
1,125.99
7,14.7
5,32.7
4,31.68
7,181.86
2,155.372
3,13.428
4,67.136
2,89.568
8,315.776
2,273.666
4,17.48
2,20.608
3,4.095
5,339.96
7,63.98
10,799.92
2,35.984
3,389.97
7,185.528
2,2541.98
5,599.985
3,3.036
5,25.92
2,66.112
4,46.36
1,6.9
3,57.69
3,559.71
9,305.01
2,50.784
9,26.01
2,649.0
7,59.99
1,20.24
2,37.84
6,5.472
5,77.24
4,292.1
2,8.544
6,424.116
3,2.892
5,381.72
2,97.184
2,10.368
3,890.841
4,72.0
2,113.888
3,158.13
3,14.13
5,64.75
2,1.872
2,11.214
8,37.376
1,286.4
3,43.92
1,142.182
3,19.608
7,4.158
5,979.95
5,135.3
3,8.904
2,100.8
2,41.96
3,9.45
5,400.8
1,28.792
2,111.0
4,1279.968
7,1856.19
6,22.752
1,61.542
7,81.438
2,67.36
3,54.528
2,843.9
2,449.568
1,15.51
3,192.186
2,5.76
2,67.88
13,162.89
3,25.71
6,191.88
6,721.875
4,73.568
1,13.584
1,64.784
3,176.772
6,38.82
5,21.9
7,111.79
8,445.44
5,16.52
5,29.9
8,116.4
1,1.408
2,169.568
6,251.964
3,523.764
3,19.44
3,194.352
3,36.624
3,340.182
8,12.672
2,6.888
2,32.544
7,347.802
3,15.57
2,4.608
2,257.98
11,153.78
3,61.02
7,110.11
1,7.89
3,36.024
4,54.336
6,92.52
3,10.272
3,40.74
5,14.4
5,149.95
2,16.9
3,17.61
2,378.0
3,17.64
6,373.08
14,1336.44
3,29.97
2,390.368
5,101.52
3,74.352
5,15.7
3,59.52
5,34.4
2,313.176
3,866.646
6,795.408
9,35.856
4,23.84
1,43.13
7,30.87
4,70.12
5,509.9575
3,122.91
2,97.568
3,722.352
5,11.52
8,167.84
1,172.11
2,99.98
1,156.792
2,35.36
1,13.592
2,386.68
5,379.96
3,539.91
5,41.24
1,51.897
5,552.56
5,23.16
2,126.08
3,449.1
4,195.104
3,36.672
2,85.246
2,32.712
3,11.43
2,30.44
2,12.96
4,16.0
3,32.67
3,4.464
5,9.345
3,9.144
6,23.136
5,99.2
5,21.36
5,46.9
5,18.72
2,236.528
3,18.9
2,10.688
3,237.096
1,5.184
2,65.584
1,22.2
5,419.4
5,88.92
3,9.912
5,318.43
5,5.8
6,1415.76
2,148.48
4,9.248
2,1036.624
2,569.64
1,9.14
7,1196.86
9,523.26
4,639.968
2,52.76
9,538.92
2,14.88
8,34.24
2,261.74
8,87.84
4,34.92
3,14.94
2,14.56
4,3.576
2,147.184
5,1499.95
4,13.568
9,2573.82
2,609.98
2,5.48
2,391.98
4,755.96
4,31.12
1,6.54
1,12.78
4,18.464
7,445.802
1,2.48
5,25.9
5,29.9
9,2249.91
4,1053.164
2,12.96
6,106.68
6,119.94
3,10.272
5,512.19
2,1.556
2,4.448
3,276.69
4,4.96
4,71.92
3,18.84
3,140.97
3,470.376
2,6.08
1,164.792
2,23.36
4,12.176
2,46.384
2,362.92
2,9.248
9,1889.946
5,62.04
5,396.92
7,239.456
5,13.12
2,29.36
5,214.9
4,15.92
5,146.45
1,15.14
2,5.76
2,1399.98
2,8.952
6,8.856
2,85.246
7,21.728
5,1487.04
6,71.88
3,9.24
6,35.88
3,17.04
3,931.176
3,266.352
4,483.136
2,196.784
5,231.92
3,29.7
2,13.592
2,70.88
1,114.288
8,36.624
8,242.352
2,49.616
6,508.704
6,57.36
5,906.68
6,719.952
7,755.944
5,11.98
1,0.898
3,21.204
3,34.74
6,833.94
3,12.96
4,25.92
7,349.965
5,22.32
6,158.28
3,497.94
3,533.94
3,167.94
6,31.68
1,170.786
4,198.744
2,63.824
4,435.168
1,48.58
3,47.976
4,20.736
9,26.46
4,49.12
3,15.0
5,194.7
4,591.32
1,2.84
2,221.96
4,236.0
2,41.94
1,52.792
3,563.94
8,2625.12
3,17.94
3,422.856
2,127.764
7,3499.93
5,14.4
3,122.97
4,9.32
3,122.94
3,17.31
7,128.744
9,58.248
2,71.246
3,7.872
3,887.271
7,146.86
4,36.56
3,225.576
2,5.248
3,38.256
5,40.24
5,29.925
6,148.704
10,55.92
2,12.96
3,25.176
2,5.584
9,1297.368
2,264.32
4,25.92
7,22.96
3,19.44
2,9.54
1,5.81
2,5.76
3,14.91
9,6.642
2,18.54
5,679.96
1,189.576
5,71.96
5,539.92
4,725.344
3,7.44
1,39.48
5,850.5
9,75.33
6,325.632
2,23.344
5,16.52
5,335.72
7,251.944
7,127.302
8,1207.84
1,12.53
1,34.58
1,300.98
3,258.75
3,59.52
7,57.96
2,441.96
6,68.04
6,703.71
4,17.904
4,11.976
5,67.96
3,892.224
2,1299.99
2,4.544
4,1352.032
9,1548.99
3,19.872
3,119.448
2,118.16
4,19.56
4,80.96
4,25.92
2,106.96
4,187.76
4,76.776
5,53.9
3,76.728
7,10.43
5,99.2
5,15.92
4,129.92
1,30.4
9,5399.91
3,119.1
6,40.08
3,59.94
2,259.98
1,170.98
3,38.97
5,154.9
4,446.068
3,152.94
3,23.472
4,195.64
3,14.94
4,1687.8
2,341.96
6,605.88
1,186.732
3,3812.97
9,26.424
1,625.99
9,1568.61
1,17.3
8,160.0
3,179.94
3,872.94
2,12.96
6,88.8
4,319.968
7,167.888
5,163.96
4,5.232
2,1199.98
1,73.85
3,25.71
6,17.28
2,526.582
2,11.56
3,209.97
4,447.84
3,479.97
3,8.64
2,11.68
3,40.776
3,13.698
5,87.8
3,77.952
2,147.184
3,47.952
6,250.26
3,40.776
5,29.6
2,1.938
4,159.96
3,59.52
2,17.48
2,13.168
3,40.74
1,179.886
1,286.256
2,24.224
3,331.536
3,17.52
4,17.856
3,431.976
4,291.136
4,114.848
2,10.688
4,15.232
3,12.42
3,19.44
4,70.368
9,12.672
5,89.95
2,6.58
1,94.99
2,35.12
4,25.92
2,7.96
3,566.97
3,9.84
2,25.488
6,7.56
3,60.84
2,450.04
2,34.6
3,467.97
2,33.02
2,17.088
2,3.008
7,268.24
5,431.16
4,43.6
3,154.95
3,15.552
2,42.208
2,10.368
1,2.224
9,74.52
3,17.52
5,1779.9
5,219.9
3,7.152
5,26.72
2,1039.728
2,45.96
2,456.588
5,4499.985
3,59.976
3,6.12
1,10.98
3,7.86
3,51.45
3,37.056
4,203.92
4,29.56
3,8.568
2,45.248
10,876.3
2,185.376
2,25.06
1,2.89
3,7.896
3,22.608
8,30.528
3,4.842
5,1.8
2,39.984
5,32.4
2,97.88
4,307.168
5,26.9
3,47.01
1,469.99
3,207.846
3,324.744
2,40.48
4,12.0
4,720.064
1,25.424
2,2.816
2,3.204
7,30.828
3,47.616
2,108.784
1,4.77
3,7.98
3,550.431
6,10.56
2,1497.666
2,17.52
3,113.22
6,35.88
3,4535.976
8,11.84
6,592.74
9,111.672
3,8.64
3,149.97
5,232.88
1,90.882
4,508.768
3,9.912
3,63.936
3,59.52
3,311.976
3,50.352
2,19.136
5,13.12
2,241.568
2,479.92
4,307.136
2,12.6
2,159.98
3,6.12
4,1184.72
2,45.96
3,58.05
11,71.28
4,124.404
5,154.9
12,1871.88
2,16.192
3,18.936
3,12.672
2,5.04
2,8.448
2,20.388
2,9.96
4,320.64
4,52.0
2,25.584
5,464.0
3,235.95
4,39.96
4,18.528
2,17.9
2,81.96
3,272.736
4,18.496
2,441.92
6,127.764
3,166.44
2,13.38
2,24.0
4,24.448
2,6.16
4,915.136
2,8.56
2,97.82
6,31.104
1,11.176
2,5.04
4,242.176
2,337.176
6,13.344
6,76.752
8,102.336
2,10.32
7,47.32
3,23.376
5,16.72
1,16.192
5,32.4
9,19.89
2,399.98
5,343.85
3,106.32
3,13.92
5,82.4
2,6.24
8,447.84
7,272.048
6,1614.582
5,24.32
2,1.584
1,31.984
5,14.76
2,423.648
2,76.64
1,4.464
10,3.96
2,715.64
3,268.704
8,21.92
3,48.72
2,205.666
2,30.344
2,25.696
5,3404.5
3,101.34
4,344.372
1,30.384
2,22.848
2,38.62
2,59.98
3,174.3
5,383.96
3,15.57
4,22.32
7,103.6
3,2.97
1,569.99
3,50.97
6,298.116
3,59.52
3,230.28
5,105.52
2,23.36
3,71.976
2,8.56
3,13.92
9,2518.29
3,540.57
8,221.056
2,81.424
10,134.8
9,39.582
7,44.688
2,31.744
5,40.98
3,3.168
5,18.84
6,362.25
6,63.552
3,129.552
2,5.984
4,861.76
4,66.96
2,6.24
4,435.168
5,14.9
4,15.8
5,72.9
3,206.352
1,7.992
5,81.36
8,20.232
4,389.056
4,20.736
8,41.472
4,33.36
3,90.882
1,15.992
1,120.784
4,519.792
3,31.176
2,10.368
2,2.724
3,254.352
3,3.762
3,10.272
3,659.97
3,113.73
1,5.104
2,16.448
4,81.92
5,254.9
5,15.12
3,7.872
5,8.32
5,89.95
4,25.2
3,37.59
1,14.97
2,1.98
4,39.936
2,18.464
3,4.896
6,145.764
6,9.612
5,199.75
12,1673.184
7,12.18
4,57.68
4,263.96
6,299.94
7,25.76
2,271.9
3,45.84
2,9.82
12,93.36
4,541.24
3,106.32
5,1323.9
6,126.624
7,125.944
5,663.92
8,120.0
1,3.29
3,18.84
6,60.672
9,30.816
1,52.792
10,83.9
2,11.76
3,4.992
5,87.92
5,657.93
1,1.044
2,210.68
1,78.8
1,19.99
4,772.68
6,106.08
3,23.076
5,25.92
3,47.952
2,0.984
9,75.384
2,4.608
6,37.68
3,41.91
3,435.999
6,388.704
6,572.58
2,33.18
4,63.88
1,26.72
9,295.056
5,393.25
3,2.214
3,16.272
7,706.86
5,5.97
1,21.184
6,41.376
3,17.94
1,2.655
5,892.35
2,307.666
9,728.82
5,41.36
3,43.176
2,4.16
5,61.4
2,24.448
4,263.96
3,359.97
2,12.96
3,116.82
2,276.784
3,239.97
6,16.02
5,454.56
5,141.42
4,310.744
4,12.736
5,6.47
14,13.748
2,15.224
3,27.42
1,165.98
3,75.0
8,134.272
6,146.544
3,131.904
5,203.88
7,14.301
10,718.64
5,61.1
3,28.08
4,10.496
2,39.92
9,77.58
7,269.36
2,5.76
5,109.9
3,23.88
4,26.2
2,12.96
5,234.95
5,118.25
1,4.28
3,26.85
3,3357.6
2,8.26
7,2973.32
7,104.79
6,775.728
1,89.0664
6,175.44
4,438.336
4,215.544
6,55.584
2,127.386
5,248.43
4,11.648
2,85.246
5,20.64
3,148.02
1,33.29
5,204.95
4,526.344
2,41.96
3,451.152
11,31.504
3,30.672
4,1079.976
2,161.568
3,2.934
2,18.528
3,670.752
5,64.96
2,41.94
2,11.96
4,13.12
3,535.41
3,72.78
3,36.84
7,87.71
7,562.2925
9,56.52
8,11.264
10,284.08
4,18.496
3,14.73
3,186.54
4,557.728
4,159.968
6,471.9
2,3.52
4,49.12
7,20.16
2,10.68
2,141.96
2,32.48
3,20.04
4,13999.96
2,238.0
2,61.96
2,239.372
5,595.0
3,16.032
5,199.75
2,227.96
6,293.52
2,307.98
6,96.96
7,117.488
3,11.952
3,512.499
7,863.128
7,2036.86
2,449.568
3,108.96
7,264.18
1,2.88
6,41.904
4,23.92
4,156.512
6,128.34
5,474.95
2,999.98
4,277.5
8,1252.704
5,110.97
3,22.608
1,1.892
3,63.312
1,7.824
4,170.072
9,62.82
3,19.44
1,7.38
6,38.88
4,187.76
7,6.048
3,98.352
2,335.744
2,8.96
4,89.568
5,71.96
3,15.552
5,10.43
1,72.784
5,67.15
2,549.98
3,11.82
4,4643.8
2,577.764
1,191.5155
1,2.624
6,1369.764
4,294.368
2,81.568
5,44.46
3,314.088
4,6.336
1,10.48
1,2.469
2,3.264
3,4.344
3,31.776
2,4.928
3,1.788
4,15.072
2,12.624
6,185.88
2,12.96
10,189.7
1,40.99
2,82.64
2,31.02
3,89.97
3,35.97
7,1266.86
5,169.45
2,40.68
2,3.328
4,933.262
5,2803.92
2,4.768
1,6.672
2,4.448
4,43.936
2,23.744
3,357.0
8,806.336
3,85.44
3,344.91
5,70.97
2,36.784
2,743.988
2,11.212
2,4.712
5,180.98
2,60.416
1,299.99
4,192.16
8,242.624
3,46.74
5,174.95
6,100.704
9,368.91
1,8.02
4,171.04
3,19.44
4,13.092
3,122.94
7,35.448
2,19.98
1,69.375
4,31.68
4,2003.168
2,9.344
8,2563.056
4,387.136
1,3.424
7,1085.42
9,43.056
3,3.762
2,34.86
3,432.456
3,675.06
3,65.232
3,207.0
2,600.53
2,59.904
8,637.44
3,51.756
6,31.104
5,47.96
7,158.928
6,211.248
2,5.552
1,2.952
3,10.332
4,18.368
2,299.9
9,26.55
2,111.98
2,4.928
3,11.784
3,7.98
2,180.96
5,1649.95
3,362.352
2,73.584
4,486.368
5,32.4
7,41.86
2,77.56
9,37.17
3,137.352
3,376.509
4,62.72
7,2939.93
3,512.358
2,3.488
7,22.288
3,16.032
1,1.752
8,20.992
1,11.21
2,45.04
2,15.624
2,8.74
5,44.75
5,61.68
3,158.376
4,2.864
7,94.192
3,143.7
1,6.48
4,7.88
1,11.21
5,354.9
3,17.94
4,51.8
9,299.52
2,7.7
4,23.92
5,498.0
6,436.704
5,32.4
3,61.44
7,73.36
5,59.2
3,32.952
3,218.376
5,31.4
1,9.48
10,209.5
5,24.3
1,6.48
2,32.448
4,26.388
5,373.47
5,64.2
2,8.0
3,186.54
7,87.08
2,105.584
6,217.44
2,31.744
2,5.432
5,913.43
3,372.144
2,751.984
4,604.768
4,27.36
2,20.56
5,83.92
3,902.712
2,120.666
1,4.984
3,82.26
1,29.74
6,87.36
6,56.16
1,64.384
1,64.784
3,15.552
7,223.888
3,10.896
2,84.784
4,241.5
3,59.97
2,13.36
3,11.808
1,16.24
5,77.55
2,76.12
6,17.184
2,11.76
2,27.46
3,137.94
5,111.15
3,901.95
3,366.009
7,310.688
5,7.68
2,155.372
1,10.744
5,232.4
3,164.646
2,22.68
4,105.52
4,83.92
5,141.9
2,39.98
7,28.91
5,174.95
4,110.528
4,630.024
7,27.86
4,933.408
10,51.84
3,165.6
3,106.32
5,147.92
3,104.28
1,286.85
4,66.96
2,199.98
3,45.0
5,17.9
2,40.48
5,2154.9
8,18.432
2,10.944
2,4.36
6,62.352
5,303.92
2,129.3
10,274.2
4,6.048
2,6.848
5,9.96
2,8.552
11,45.584
2,25.488
4,136.96
2,49.616
3,10.584
4,84.416
2,431.94
1,2.043
3,68.238
4,240.744
4,35.0
2,210.68
3,637.896
8,43.44
1,2.22
5,1679.96
4,344.372
3,1554.936
5,127.88
2,222.384
3,106.869
3,3.564
3,25.68
3,12.384
5,25.3
3,95.94
2,7.5
3,302.376
4,46.688
3,17.94
3,370.14
2,8.928
6,2678.94
4,387.136
2,45.408
3,77.952
1,3.0
1,9.952
4,37.896
2,65.584
1,44.784
4,1035.8
2,5.76
2,19.98
2,35.98
3,16.656
2,20.7
5,83.7
10,199.8
2,45.68
2,110.96
3,11.94
5,8749.95
8,36.4
7,18.69
3,5.94
8,60.736
3,479.976
1,6.08
3,165.6
3,59.52
3,479.97
2,18.62
6,49.632
2,97.82
2,15.984
3,184.752
2,12.96
4,366.744
9,8.856
5,27.96
3,146.352
11,175.23
1,125.99
2,23.0
2,25.584
2,73.784
4,20.736
3,17.52
12,35.76
2,3.64
6,30.336
1,12.99
3,182.22
3,302.94
14,54.992
1,12.99
7,55.86
2,44.376
6,51.264
3,5.193
2,159.984
2,54.224
2,241.424
4,33.36
2,13.76
7,496.86
3,389.97
2,9.82
3,56.4
4,18.312
5,25.92
3,8.016
2,479.984
5,30.84
2,33.568
7,422.625
2,199.98
1,20.24
4,39.92
2,32.54
3,39.0
4,12.6
4,24.64
3,6.264
4,14.432
3,719.976
8,239.92
7,1056.86
7,447.944
9,150.408
3,453.576
9,45.36
3,287.88
3,131.88
2,2.328
5,1454.9
3,4.842
6,220.704
3,67.176
4,15.232
6,31.104
7,968.744
13,222.352
2,479.984
3,10.272
5,998.85
2,24.56
3,5.67
4,14.336
1,102.3
2,607.52
2,31.16
1,2.61
3,10.332
2,10.368
2,20.784
5,66.96
2,17.248
7,11.088
5,1287.45
5,168.1
2,51.968
2,4.768
3,7.98
2,18.688
3,11.664
3,191.976
4,499.168
2,11.88
1,35.44
4,67.136
3,4.32
3,14.94
2,40.54
1,7.312
7,475.944
2,30.08
3,165.6
5,180.96
2,23.18
2,56.96
4,15.56
2,353.568
2,13.96
5,82.95
2,39.68
3,479.97
2,7.38
3,14.256
2,81.98
3,39.624
7,399.672
4,65.12
5,30.56
2,20.768
4,39.808
6,121.104
5,111.96
3,15.696
3,70.26
5,90.0
2,6.096
2,481.176
4,7.24
5,177.45
6,1369.764
3,9.48
2,130.98
5,174.95
5,826.0
7,139.58
5,399.95
3,12.39
5,760.98
6,67.86
11,31.504
1,5.04
7,39.879
1,4.712
3,194.352
2,97.424
5,704.76
3,27.396
5,5.7
3,14.19
2,7.3
2,199.98
4,144.96
2,118.0
1,48.94
2,22.66
1,0.836
6,30.96
5,723.92
4,21.968
6,619.152
7,127.904
5,94.2
5,49.5
5,16.52
4,55.36
1,11.56
4,17.12
3,182.352
2,118.16
2,18.368
3,600.558
3,50.352
6,28.032
1,7.692
5,517.405
8,8.608
5,159.56
7,2104.55
5,40.7
3,47.79
2,5.16
7,21.21
6,96.36
2,231.72
5,17.9
2,12.48
3,8.016
2,259.896
2,247.188
5,279.96
5,450.0
3,19.44
1,300.904
3,239.976
4,31.168
2,120.96
8,2239.936
8,76.608
1,142.776
5,91.36
2,3.552
8,115.136
1,4.71
2,172.764
2,3.52
4,79.968
3,305.9745
3,344.91
3,626.352
3,359.499
6,71.952
5,29.8
1,1.824
4,64.384
2,6.984
8,11.264
3,15.552
2,379.372
9,67.536
2,1.524
7,37.408
6,25.344
4,46.2
3,4.728
3,53.352
2,131.104
3,22.512
7,72.744
3,52.59
3,19.44
3,126.3
5,1287.45
4,64.96
3,535.41
5,8.1
4,13.248
2,83.988
5,73.2
3,10.74
1,11.032
3,53.04
4,17.12
3,59.94
2,210.58
2,30.96
2,239.984
3,3050.376
2,133.98
4,93.248
3,177.48
6,17.712
3,4.86
2,6.258
2,37.68
8,51.84
3,27.42
3,5.4
1,1270.99
8,125.36
1,14.03
2,27.96
2,5.344
2,1.696
3,24.588
5,7.98
4,288.0
3,146.952
4,83.136
4,942.784
3,74.352
6,26.88
2,10.896
2,3.536
5,528.43
8,41.472
3,287.976
3,29.304
2,55.328
6,1227.9984
4,20.416
3,1128.39
2,4.608
5,195.96
3,15.552
4,271.968
3,698.352
2,77.728
9,46.62
7,537.544
2,14.62
5,22.55
5,583.8
4,211.168
2,12.96
2,45.98
5,1294.75
5,1799.97
2,10.688
2,221.98
2,341.96
3,34.77
3,18.9
3,102.72
2,40.48
3,33.282
5,118.65
5,14.76
4,37.52
3,207.144
5,13.9
3,266.352
2,307.98
6,44.1
4,13.12
2,16.56
6,38.88
4,335.52
2,959.984
2,4.086
2,55.984
2,10.688
3,8.856
3,6.912
5,26.72
7,33.488
2,10.56
2,386.34
10,33.44
2,39.96
2,1217.568
1,15.51
2,89.9
4,14.28
3,12.72
5,15.75
3,70.95
2,65.568
3,299.97
3,89.97
2,31.86
5,67.15
3,7.236
3,4.824
5,91.36
2,130.112
1,74.24
10,159.84
2,2.892
2,9.392
4,123.92
5,55.6
3,617.976
3,21.312
6,209.94
2,31.984
5,5083.96
1,35.96
3,31.05
4,8.92
4,209.6
4,111.04
6,38.88
3,36.27
5,493.43
2,11.12
2,686.4
5,15.92
12,70.68
4,541.24
2,101.994
2,18.264
5,21.99
2,185.376
1,58.924
4,480.0
3,34.05
11,192.72
3,239.97
7,50.12
2,15.984
3,14.352
4,6.528
3,2.862
8,20.856
2,276.28
9,629.64
3,449.97
7,1927.59
2,121.78
9,2676.672
2,489.23
3,312.03
3,17.94
3,165.6
4,37.52
3,494.97
2,25.06
3,32.064
4,18.496
3,191.079
2,10.368
1,30.53
3,30.84
9,75.06
7,66.976
8,182.72
3,21.93
3,95.976
9,143.928
2,3.564
2,4.928
6,856.656
4,13.184
4,48.784
2,76.64
6,18.528
2,177.68
2,159.98
3,52.68
3,11.568
4,4.572
4,1439.968
3,1.728
3,626.1
5,99.2
4,609.98
2,211.372
3,239.976
5,99.95
3,29.34
2,16.74
3,12.672
14,1119.888
5,204.85
2,135.984
5,16.4
2,92.96
3,7.632
7,4.158
3,179.991
3,239.358
3,164.88
3,10.95
3,19.44
5,12.3
1,13.97
6,934.956
2,46.864
3,26.16
7,23.128
5,59.24
4,155.456
2,8.56
3,21.0
2,120.0
5,299.96
5,67.84
5,853.93
4,18.688
2,273.96
3,89.97
5,756.8
2,1.248
1,72.0
7,470.155
1,39.128
9,19.728
2,151.188
2,271.764
1,47.496
7,344.981
7,36.288
2,78.304
1,127.785
2,6.104
2,5.76
1,1.72
2,8.952
3,2.334
4,1.728
5,159.04
2,145.98
3,77.952
5,95.97
2,105.584
2,9.344
2,9.68
7,4899.93
5,104.75
2,18.528
7,1875.258
5,91.36
5,152.24
2,35.184
2,56.704
7,274.064
5,458.43
3,8.226
1,5.95
3,15.24
6,239.94
8,23.84
6,92.52
1,37.76
2,7.38
2,5.82
1,3.816
4,26.16
2,100.8
7,135.8
5,13.9
5,19.4
2,13.488
1,11.416
3,17.64
3,17.04
2,99.98
6,29.46
13,166.92
3,98.328
1,117.882
3,20.97
4,139.96
3,37.74
3,14.82
3,191.82
2,13.904
4,314.6
4,283.56
2,487.96
2,1793.98
4,2.992
4,108.768
4,25.92
2,22.58
3,55.176
13,9892.74
1,73.915
4,337.088
3,61.44
3,479.97
2,5.984
5,189.95
5,149.95
5,29.95
3,44.4
3,66.03
2,10.86
2,3.36
4,27.936
2,28.784
2,21.96
2,21.98
11,2621.322
7,74.76
3,364.776
7,1115.17
4,89.696
4,50.12
6,36.48
13,322.192
3,2.946
4,19.136
2,23.08
2,90.48
3,215.976
3,65.94
3,11.352
2,24.56
2,16.56
5,279.95
6,828.84
3,7.218
4,27.2
3,89.97
4,318.08
1,5.8
6,143.952
3,19.44
2,5.56
3,146.73
5,29.9
2,276.784
2,93.032
5,454.965
3,246.168
5,295.4
8,348.56
3,15.552
6,482.94
2,299.98
6,403.68
2,41.9
7,28.91
5,32.4
7,369.544
2,10.368
3,791.88
3,23.64
2,84.784
5,64.96
10,32.06
2,177.648
3,287.91
2,22.368
7,32.368
2,207.984
5,36.4
2,22.96
4,315.2
3,15.18
5,623.96
2,429.6
2,31.968
3,887.271
4,21.696
7,22.05
5,99.9
7,90.86
1,7.78
9,78.759
3,9.552
4,5.344
2,8.28
3,50.136
7,88.074
3,301.47
2,18.656
2,27.46
3,125.13
5,555.96
3,129.552
1,51.984
3,10.272
2,18.336
5,180.96
7,475.944
2,159.98
4,43.6
2,8.288
9,1123.128
5,64.9
3,2.808
2,99.98
6,8.04
13,1564.29
4,138.56
5,65.52
2,14.576
2,23.2
7,16.464
2,19.312
6,40.08
2,101.96
13,259.74
9,255.42
3,4.338
5,11.88
7,405.86
3,680.01
3,2.376
2,143.128
4,4476.8
1,104.85
3,241.44
14,319.76
2,45.68
2,31.96
1,47.9
3,1112.94
3,22.92
3,71.976
3,19.44
3,31.086
2,13.98
1,23.65
3,707.88
3,11.952
3,31.128
4,55.76
2,24.56
1,51.75
1,207.184
5,1473.1
2,3.488
4,21.728
6,663.072
2,99.588
2,49.568
7,29.372
2,344.704
7,47.992
4,102.24
2,39.96
5,1432.0
6,41.04
1,256.784
1,120.98
1,315.98
3,28.752
5,114.95
8,23.04
3,15.48
8,51.84
3,39.816
1,16.06
1,7.28
3,5.4
3,19.44
2,39.88
3,79.44
7,20.664
5,32.4
1,13.762
2,15.28
7,44.688
3,301.47
3,11.07
4,1504.52
4,25.92
6,7.536
2,1.408
4,4.144
3,52.752
7,381.36
4,6.72
3,15.192
9,58.32
6,946.764
9,94.68
3,23.67
4,1091.168
7,18.69
3,568.728
1,7.312
2,147.568
7,56.784
3,5.607
3,6.576
6,14.304
1,119.833
2,5.56
5,32.4
3,9.84
1,2.78
1,3.64
7,881.93
8,115.84
2,107.648
5,199.95
2,12.96
1,60.89
3,14.94
2,9.64
3,332.94
3,51.9
2,64.96
3,25.5
3,215.976
3,389.97
5,269.91
3,11.673
7,64.848
2,14.56
1,102.582
3,20.04
7,32.088
6,4305.552
3,10.02
4,631.96
3,1577.94
7,255.85
6,184.704
2,47.92
4,15.936
7,8.001
2,398.972
2,163.88
5,67.9
4,72.224
2,11.696
3,392.94
1,18.176
3,6.888
3,457.485
6,1079.316
1,48.91
3,9.84
3,34.5
1,0.556
6,43.8
3,13.872
4,115.96
2,41.424
4,244.768
3,74.352
2,4.312
1,56.686
2,97.968
3,7.872
3,15.552
1,1.476
5,8.4
2,6.56
2,14.88
4,45.48
6,25.44
8,146.688
2,4.928
4,63.488
7,418.32
2,123.858
3,118.782
4,769.184
1,47.904
2,13.36
2,163.764
4,183.92
3,11.376
4,66.112
8,211.04
2,594.816
3,72.96
4,80.96
2,455.712
1,25.98
4,45.28
2,15.56
3,859.2
4,195.68
4,14.2
3,314.352
2,4.608
5,17.9
1,2.992
6,20.064
3,146.73
5,18.75
3,117.576
7,51.184
5,455.97
5,5.715
1,57.594
2,30.144
5,899.43
8,842.72
2,41.96
4,13.216
3,184.752
2,520.464
3,11.424
3,19.44
2,3.64
2,18.54
5,43.12
3,313.722
1,45.98
7,428.68
6,30.576
7,13.02
3,22.14
4,359.32
2,11.56
2,68.48
6,1676.88
2,37.94
3,272.97
4,41.568
3,317.058
5,8.04
7,419.944
6,61.38
2,50.0
3,31.8
2,32.56
2,7.072
3,45.528
1,64.784
2,424.272
1,1.344
5,83.92
4,25.92
8,120.576
4,79.92
1,12.28
3,542.94
1,2.04
5,228.92
1,7.992
8,582.336
5,629.95
2,631.782
2,801.568
6,75.18
1,30.98
9,1349.91
6,14.112
4,31.12
2,4.272
2,209.148
6,1591.02
5,7.92
2,574.91
2,8.448
9,1071.0
1,12.07
1,3.273
5,87.92
1,104.696
5,2803.92
2,6.816
2,249.584
3,17.94
3,10.11
2,10.368
3,11.952
2,15.224
6,21.984
6,604.752
5,40.7
3,302.376
3,45.0
6,3785.292
5,35.4
5,199.9
8,1212.96
5,1099.96
1,103.481
2,5.904
2,30.08
7,36.288
3,10.272
4,252.8
2,2.946
2,12.96
4,285.576
2,22.24
2,14.62
5,48.36
2,16.256
2,219.184
4,95.84
3,12.39
6,35.88
5,477.3
4,12.32
2,8.608
9,136.26
3,186.15
6,81.792
3,47.19
2,36.784
1,91.475
3,27.192
5,12.06
3,144.6
1,15.992
3,34.44
6,321.552
2,701.96
4,19.456
6,17.28
2,31.96
6,164.688
2,166.5
2,12.96
2,110.96
2,99.98
1,11.424
2,128.124
5,101.4
2,5.904
7,173.488
2,51.56
3,3.564
5,13.16
3,3.828
5,304.99
2,18.16
2,319.984
6,19.68
10,781.864
9,30.816
3,673.344
3,6.54
2,572.8
7,197.05
8,2022.272
3,9.12
9,38.16
7,1592.85
2,11.88
6,120.0
1,8.67
1,4.41
3,167.94
10,67.8
3,26.94
3,32.04
9,32.13
1,2.88
7,1091.93
2,111.96
2,26.7
5,40.2
3,13.89
6,689.82
9,38.34
3,9.264
1,204.6664
5,1649.75
6,91.056
14,54.208
3,26.982
3,6.912
3,435.504
4,81.08
2,93.02
3,323.976
3,15.552
3,32.592
5,83.92
5,199.9
3,31.176
6,172.752
2,9.296
2,12.768
2,52.76
2,55.616
14,427.644
7,40.67
2,33.48
2,9.728
3,8.856
2,477.666
5,16.9
2,39.96
7,191.968
3,35.52
5,6.23
2,56.704
3,369.1992
2,1.98
2,75.88
2,6.848
2,4.626
3,453.6
3,13.848
6,577.584
4,151.96
7,68.432
5,71.12
2,3.008
7,184.66
2,5.312
5,132.52
5,195.64
2,51.968
3,431.976
3,224.937
2,6.0
2,11.76
7,1125.488
5,12.645
2,4.032
4,79.96
6,6.732
2,33.568
2,15.84
1,24.424
5,17.12
3,31.56
1,105.686
2,399.54
5,104.93
3,1079.85
1,70.98
5,29.95
5,589.41
6,9.648
1,400.784
4,53.72
1,31.008
5,61.12
4,195.136
4,121.536
3,17.472
9,104.58
5,24.7
5,302.72
2,8.56
2,11.56
3,25.86
2,276.784
3,110.352
3,60.84
1,35.208
8,41.472
5,239.5
5,34.2
3,376.866
4,197.72
4,70.72
3,194.352
6,21.6
3,11.07
4,282.84
9,27.72
4,11.68
2,239.984
1,22.98
7,102.13
2,2033.584
2,5.76
3,899.982
3,86.352
5,139.96
6,16.704
2,3.152
4,32.896
2,21.392
3,307.314
3,409.9992
2,9.248
3,14.67
7,37.408
2,3.438
3,7.152
6,179.7
8,90.64
3,177.0
7,79.45
9,1628.82
2,137.54
4,730.2
2,11.56
13,4297.644
5,20.65
5,204.9
6,436.704
2,481.568
7,89.544
2,35.168
2,72.588
4,221.16
3,281.97
8,3406.664
9,37.17
2,64.96
6,595.38
2,95.984
2,4.938
3,97.44
1,3.984
4,13.04
4,579.528
5,18.75
9,3023.928
2,26.96
3,477.6
3,193.95
2,12.96
3,119.94
3,12.42
7,18.088
3,71.97
3,14.94
7,64.68
5,22.0
2,7.968
5,1499.97
1,26.632
4,41.6
6,64.02
3,6.99
1,6.84
2,323.1
9,668.16
3,8.64
6,38.88
8,201.04
2,12.96
1,16.59
6,35.1
9,11.646
5,32.4
4,503.96
4,7.04
3,613.9992
11,470.36
6,31.08
2,7.3
4,73.536
5,491.55
4,30.336
3,22.83
4,54.32
3,196.776
2,3.62
1,11.54
5,849.95
3,11.01
3,39.624
3,242.136
3,12.39
2,19.96
3,340.92
2,273.568
2,13.194
6,1080.096
5,51.56
2,58.416
2,57.584
4,37.312
5,79.96
5,223.96
2,221.024
2,18.96
3,326.646
3,89.97
13,296.712
2,12.224
3,89.97
7,286.86
5,979.95
2,4.36
2,10.048
5,807.75
8,34.24
13,500.24
2,20.12
1,896.99
1,5.88
2,269.98
2,310.12
6,70.464
5,19.68
3,140.67
5,4404.9
5,62.65
3,9.45
4,268.576
2,364.08
2,71.088
2,10.984
4,797.944
2,159.98
2,5.344
3,27.72
1,2.496
2,8.26
2,17.76
3,332.94
2,292.1
5,206.1
4,17.64
5,1403.92
2,4.3
3,239.97
2,81.96
2,238.62
5,139.8
2,9.84
1,7.78
5,54.9
6,50.04
5,339.92
4,10.528
2,42.384
5,123.92
1,135.95
8,2177.584
3,17.496
4,16.784
9,431.136
5,8.88
2,4.836
3,437.85
2,673.568
5,274.8
1,62.18
2,8.28
3,48.81
5,149.9
5,1023.332
3,600.558
1,39.992
2,211.246
6,56.064
2,107.772
1,4.832
3,18.24
3,3.798
2,10.368
2,235.188
4,26.376
2,10.384
3,107.118
7,97.3
2,3.328
1,135.99
1,7.38
2,45.568
8,28.752
4,194.848
2,2.112
5,25.92
4,120.768
4,25.92
3,34.65
5,204.95
5,79.95
7,173.488
4,516.96
7,173.208
2,4.448
3,9.0
10,42.24
2,18.264
3,152.91
3,92.94
4,17.856
3,46.44
4,195.136
2,129.3
3,11.568
3,242.352
4,319.968
7,8.624
1,3.984
7,895.944
4,14.0
2,16.392
5,10.9
2,29.6
1,4.98
3,479.976
8,44.736
2,5.76
4,483.136
4,15.936
7,61.544
3,132.696
5,43.1
5,511.5
5,147.92
2,39.68
2,12.56
3,90.48
2,13.08
5,214.7
4,50.32
2,24.56
6,43.68
8,3393.68
5,67.4
2,2.52
4,67.8
2,18.76
4,12.12
1,11.34
4,159.8
2,18.96
7,1085.42
3,13.11
2,68.704
2,3.132
3,22.428
2,290.336
2,19.152
1,6.48
2,63.968
2,6.36
4,848.544
5,8.7
3,122.382
7,573.174
3,85.056
3,14.04
13,272.61
2,11.16
3,62.31
2,159.98
3,5.94
2,9.96
1,79.99
3,8.94
2,20.62
7,124.25
5,297.55
4,403.56
5,95.2
11,153.824
2,62.016
3,466.32
2,82.64
1,330.588
3,237.096
3,22.752
1,6.672
3,25.128
2,127.984
7,131.88
3,25.032
3,717.72
5,207.35
3,44.67
2,209.7
7,115.36
3,362.136
3,31.05
2,12.96
5,94.85
1,13.48
3,14.91
1,39.98
5,528.43
7,22.386
3,5.742
4,191.968
3,49.848
1,23.99
8,1087.936
2,199.98
4,83.92
3,24.27
5,2799.96
2,9.872
4,683.332
7,29.96
3,164.85
3,33.528
3,36.744
3,102.93
2,71.088
5,60.35
4,35.52
7,11.2
14,223.58
9,998.82
5,51.15
3,40.74
1,3.424
3,151.2
6,1925.88
8,2405.2
3,83.97
1,39.89
2,17.38
2,55.264
1,6.48
3,34.248
2,273.568
5,46.35
4,223.92
2,7.3
2,9.344
1,18.0
2,65.584
4,383.4656
2,10.368
1,13.4
1,4.98
7,109.69
5,40.2
2,735.98
7,22.75
2,119.56
5,140.75
2,99.568
5,271.96
7,18.69
2,13.36
2,249.584
7,13.86
4,13.376
14,437.472
1,85.98
5,16.52
7,35.56
2,97.98
10,31.5
4,55.6
1,36.24
1,79.99
5,206.1
3,25.248
2,91.96
2,258.576
4,29.6
2,243.16
